origin	packages	license	source_kind	source_asset	source_member	source_url	source_size	source_sha256	notice_section	notice_sha256
alpine-base	alpine-release@3.24.1-r0	MIT	aports	aports/alpine-base.tar.gz	aports-0934530484bbcde7498e2c694c710a49616a450e-0934530484bbcde7498e2c694c710a49616a450e-main-alpine-base/main/alpine-base/APKBUILD	https://gitlab.alpinelinux.org/api/v4/projects/alpine%2Faports/repository/archive.tar.gz?sha=0934530484bbcde7498e2c694c710a49616a450e&path=main%2Falpine-base	1507	815b70b84ada04848694df0f5661b5f096cf14d8b88cd9fc877de2afe672078c	alpine-base	63f34f1a2b0e778389b4987d97d8903793e3278eb35b75c46af8d8982f17932c
alpine-base	alpine-release@3.24.1-r0	MIT	aports	aports/alpine-base.tar.gz	aports-0934530484bbcde7498e2c694c710a49616a450e-0934530484bbcde7498e2c694c710a49616a450e-main-alpine-base/main/alpine-base/APKBUILD	https://gitlab.alpinelinux.org/api/v4/projects/alpine%2Faports/repository/archive.tar.gz?sha=0934530484bbcde7498e2c694c710a49616a450e&path=main%2Falpine-base	1507	815b70b84ada04848694df0f5661b5f096cf14d8b88cd9fc877de2afe672078c	overview	d0ec2f9bcba6ddb0db3917174f63ef88f417c560f070585d9b3e117d52d56408
alpine-base	alpine-release@3.24.1-r0	MIT	authority	license-inputs/MIT.txt	-	https://spdx.org/licenses/MIT.txt	1077	c3b1b78bc8bd3ea13aa4bc9778442d16560270afa235006d816e5e88cef24db4	mit-license	b5cec5edf1781f18d7fefe872437df927688b15a8f4a409d66986c5c033a609d
alpine-baselayout	alpine-baselayout-data@3.7.2-r1,alpine-baselayout@3.7.2-r1	GPL-2.0-only	aports	aports/alpine-baselayout.tar.gz	aports-60a7585bbab2fa0f762504eb617dbca90216e31f-60a7585bbab2fa0f762504eb617dbca90216e31f-main-alpine-baselayout/main/alpine-baselayout/APKBUILD	https://gitlab.alpinelinux.org/api/v4/projects/alpine%2Faports/repository/archive.tar.gz?sha=60a7585bbab2fa0f762504eb617dbca90216e31f&path=main%2Falpine-baselayout	8670	aef255516b71e39109860b92eb027a0986d90197427fb93ec91ebcd04bf59763	gpl-2.0	33bd7da2e1769debe0f67ff385ac314994515ab3d62985ba20800479c7f029b6
alpine-baselayout	alpine-baselayout-data@3.7.2-r1,alpine-baselayout@3.7.2-r1	GPL-2.0-only	authority	license-inputs/netbase-6.4-copyright	-	https://salsa.debian.org/md/netbase/-/raw/v6.4/debian/copyright	1234	795b66147ea5ad692991caa7008ece551fb0fa88b9c53656223bd1518dc58ab2	alpine-baselayout	102408ce0d53779d00023f2e40611ddfae2c9d10d9d4386c1a19bac604788528
alpine-baselayout	alpine-baselayout-data@3.7.2-r1,alpine-baselayout@3.7.2-r1	GPL-2.0-only	upstream	distfiles/alpine-baselayout/protocols-6.4	-	https://salsa.debian.org/md/netbase/-/raw/v6.4/etc/protocols	3144	4959498abbadaa1e50894a266f8d0d94500101cfe5b5f09dcad82e9d5bdfab46	alpine-baselayout	102408ce0d53779d00023f2e40611ddfae2c9d10d9d4386c1a19bac604788528
alpine-baselayout	alpine-baselayout-data@3.7.2-r1,alpine-baselayout@3.7.2-r1	GPL-2.0-only	upstream	distfiles/alpine-baselayout/services-6.4	-	https://salsa.debian.org/md/netbase/-/raw/v6.4/etc/services	12813	f6183055fd949f9c53d49ee620f85d0150123ea691d25ed1bba0c641b4ee2f48	alpine-baselayout	102408ce0d53779d00023f2e40611ddfae2c9d10d9d4386c1a19bac604788528
alpine-keys	alpine-keys@2.6-r0	MIT	aports	aports/alpine-keys.tar.gz	aports-b9f23becced4d7b3ccc0fa0f28530243ccd314a0-b9f23becced4d7b3ccc0fa0f28530243ccd314a0-main-alpine-keys/main/alpine-keys/APKBUILD	https://gitlab.alpinelinux.org/api/v4/projects/alpine%2Faports/repository/archive.tar.gz?sha=b9f23becced4d7b3ccc0fa0f28530243ccd314a0&path=main%2Falpine-keys	5259	cb352e13b9e481b424763bd36d3afdb81ac308e508abed15eb7175530050bd3f	alpine-keys	fc89f79bd251d3fdf3813826a14a41680e0ee2812402b6085a9678d5999140b4
alpine-keys	alpine-keys@2.6-r0	MIT	authority	license-inputs/MIT.txt	-	https://spdx.org/licenses/MIT.txt	1077	c3b1b78bc8bd3ea13aa4bc9778442d16560270afa235006d816e5e88cef24db4	mit-license	b5cec5edf1781f18d7fefe872437df927688b15a8f4a409d66986c5c033a609d
apk-tools	apk-tools@3.0.6-r0,libapk@3.0.6-r0	GPL-2.0-only	aports	aports/apk-tools.tar.gz	aports-1403ea7a8ae3fb8e5a11207ddb1ff536eb8de912-1403ea7a8ae3fb8e5a11207ddb1ff536eb8de912-main-apk-tools/main/apk-tools/APKBUILD	https://gitlab.alpinelinux.org/api/v4/projects/alpine%2Faports/repository/archive.tar.gz?sha=1403ea7a8ae3fb8e5a11207ddb1ff536eb8de912&path=main%2Fapk-tools	4179	5fa1b3168b587ae9a95c3106accfaaa2f738934d66f4bb0b52ddb51f3962af63	apk-tools	63450d9a65f68456aa42eb9ec3eacc0f1a22eb8fc4e05ba3ab6d09fe28a54e64
apk-tools	apk-tools@3.0.6-r0,libapk@3.0.6-r0	GPL-2.0-only	upstream	distfiles/apk-tools/apk-tools-v3.0.6.tar.gz	apk-tools-v3.0.6/AUTHORS	https://gitlab.alpinelinux.org/alpine/apk-tools/-/archive/v3.0.6/apk-tools-v3.0.6.tar.gz	61	c238557e70557a79ea0ac30ea6d05342144f02b07ae4e9988171f70de3d66f2e	apk-tools	63450d9a65f68456aa42eb9ec3eacc0f1a22eb8fc4e05ba3ab6d09fe28a54e64
apk-tools	apk-tools@3.0.6-r0,libapk@3.0.6-r0	GPL-2.0-only	upstream	distfiles/apk-tools/apk-tools-v3.0.6.tar.gz	apk-tools-v3.0.6/LICENSE	https://gitlab.alpinelinux.org/alpine/apk-tools/-/archive/v3.0.6/apk-tools-v3.0.6.tar.gz	17622	b3c87315aae4c9f276c37168f2655dd8bd990544d7a0bbfb929664155c7ab257	apk-tools	63450d9a65f68456aa42eb9ec3eacc0f1a22eb8fc4e05ba3ab6d09fe28a54e64
apk-tools	apk-tools@3.0.6-r0,libapk@3.0.6-r0	GPL-2.0-only	upstream	distfiles/apk-tools/apk-tools-v3.0.6.tar.gz	apk-tools-v3.0.6/libfetch/common.c	https://gitlab.alpinelinux.org/alpine/apk-tools/-/archive/v3.0.6/apk-tools-v3.0.6.tar.gz	28014	95b925a57c3baff517932b97dcb7215c979e51aca1dd87ffe26a27a62c2c9d20	apk-tools-embedded-notices	2798ae79f41b53609b32cc67e7cd39ffecc400e1297c66c57d52edec65fca725
apk-tools	apk-tools@3.0.6-r0,libapk@3.0.6-r0	GPL-2.0-only	upstream	distfiles/apk-tools/apk-tools-v3.0.6.tar.gz	apk-tools-v3.0.6/libfetch/common.h	https://gitlab.alpinelinux.org/alpine/apk-tools/-/archive/v3.0.6/apk-tools-v3.0.6.tar.gz	4861	0d52df0adb7067eb7e9521c5f1296875981d092923c240072c3bc35f10d36168	apk-tools-embedded-notices	2798ae79f41b53609b32cc67e7cd39ffecc400e1297c66c57d52edec65fca725
apk-tools	apk-tools@3.0.6-r0,libapk@3.0.6-r0	GPL-2.0-only	upstream	distfiles/apk-tools/apk-tools-v3.0.6.tar.gz	apk-tools-v3.0.6/libfetch/fetch.c	https://gitlab.alpinelinux.org/alpine/apk-tools/-/archive/v3.0.6/apk-tools-v3.0.6.tar.gz	13362	c3a1e3d99eb44c54178aceba956aa56059bc0d925095a7034c788eb497399db2	apk-tools-embedded-notices	2798ae79f41b53609b32cc67e7cd39ffecc400e1297c66c57d52edec65fca725
apk-tools	apk-tools@3.0.6-r0,libapk@3.0.6-r0	GPL-2.0-only	upstream	distfiles/apk-tools/apk-tools-v3.0.6.tar.gz	apk-tools-v3.0.6/libfetch/fetch.h	https://gitlab.alpinelinux.org/alpine/apk-tools/-/archive/v3.0.6/apk-tools-v3.0.6.tar.gz	5541	733582ada02b40096f21ddc3b10ee8ee578eef426604dc00fd3617ece4f8292b	apk-tools-embedded-notices	2798ae79f41b53609b32cc67e7cd39ffecc400e1297c66c57d52edec65fca725
apk-tools	apk-tools@3.0.6-r0,libapk@3.0.6-r0	GPL-2.0-only	upstream	distfiles/apk-tools/apk-tools-v3.0.6.tar.gz	apk-tools-v3.0.6/libfetch/http.c	https://gitlab.alpinelinux.org/alpine/apk-tools/-/archive/v3.0.6/apk-tools-v3.0.6.tar.gz	35198	9456653a8e080964915ac37bce6719b3017590fbeea469dfe6d9b016e9eee3d7	apk-tools-embedded-notices	2798ae79f41b53609b32cc67e7cd39ffecc400e1297c66c57d52edec65fca725
busybox	busybox-binsh@1.37.0-r31,busybox@1.37.0-r31,ssl_client@1.37.0-r31	GPL-2.0-only	aports	aports/busybox.tar.gz	aports-c3ef5d10e6ef6528852c51f0564963e2f8c1be19-c3ef5d10e6ef6528852c51f0564963e2f8c1be19-main-busybox/main/busybox/dad.if-up	https://gitlab.alpinelinux.org/api/v4/projects/alpine%2Faports/repository/archive.tar.gz?sha=c3ef5d10e6ef6528852c51f0564963e2f8c1be19&path=main%2Fbusybox	285	2fd20d1bc67d9ee711990002b24f156635a73f56b8935b2f76592938817fa4e7	busybox	7d538556efae6692aa5f07535c6ff7f4100f3a97b9e370eded4801130ea03ac8
busybox	busybox-binsh@1.37.0-r31,busybox@1.37.0-r31,ssl_client@1.37.0-r31	GPL-2.0-only	aports	aports/busybox.tar.gz	aports-c3ef5d10e6ef6528852c51f0564963e2f8c1be19-c3ef5d10e6ef6528852c51f0564963e2f8c1be19-main-busybox/main/busybox/default.script	https://gitlab.alpinelinux.org/api/v4/projects/alpine%2Faports/repository/archive.tar.gz?sha=c3ef5d10e6ef6528852c51f0564963e2f8c1be19&path=main%2Fbusybox	4010	c7b39bba4d7f1ce05dbdeba7d2fd97b96a8c3c0c1ebc0259f641fb8e1c3827d2	busybox	7d538556efae6692aa5f07535c6ff7f4100f3a97b9e370eded4801130ea03ac8
busybox	busybox-binsh@1.37.0-r31,busybox@1.37.0-r31,ssl_client@1.37.0-r31	GPL-2.0-only	aports	aports/busybox.tar.gz	aports-c3ef5d10e6ef6528852c51f0564963e2f8c1be19-c3ef5d10e6ef6528852c51f0564963e2f8c1be19-main-busybox/main/busybox/ssl_client.c	https://gitlab.alpinelinux.org/api/v4/projects/alpine%2Faports/repository/archive.tar.gz?sha=c3ef5d10e6ef6528852c51f0564963e2f8c1be19&path=main%2Fbusybox	3418	f36fb83637a12fe0706f828a3e9a4181ac6ed452b59d5d30fcf4dbe1884b8aed	busybox	7d538556efae6692aa5f07535c6ff7f4100f3a97b9e370eded4801130ea03ac8
busybox	busybox-binsh@1.37.0-r31,busybox@1.37.0-r31,ssl_client@1.37.0-r31	GPL-2.0-only	authority	license-inputs/LGPL-2.1.txt	-	https://www.gnu.org/licenses/old-licenses/lgpl-2.1.txt	26521	592987e8510228d546540b84a22444bde98e48d03078d3b2eefcd889bec5ce8c	lgpl-2.1	0e0c13878a838747247f3b535258818ec8a38c16079c1464f3719b0ddf67e49e
busybox	busybox-binsh@1.37.0-r31,busybox@1.37.0-r31,ssl_client@1.37.0-r31	GPL-2.0-only	upstream	distfiles/busybox/busybox-1.37.0.tar.bz2	busybox-1.37.0/AUTHORS	https://busybox.net/downloads/busybox-1.37.0.tar.bz2	5386	384fc3a9cfc7c435bdd9d169e5ec60a7d898d9ef9557ec859394d7f97b4b6f07	busybox	7d538556efae6692aa5f07535c6ff7f4100f3a97b9e370eded4801130ea03ac8
busybox	busybox-binsh@1.37.0-r31,busybox@1.37.0-r31,ssl_client@1.37.0-r31	GPL-2.0-only	upstream	distfiles/busybox/busybox-1.37.0.tar.bz2	busybox-1.37.0/LICENSE	https://busybox.net/downloads/busybox-1.37.0.tar.bz2	18348	bbfc9843646d483c334664f651c208b9839626891d8f17604db2146962f43548	busybox	7d538556efae6692aa5f07535c6ff7f4100f3a97b9e370eded4801130ea03ac8
busybox	busybox-binsh@1.37.0-r31,busybox@1.37.0-r31,ssl_client@1.37.0-r31	GPL-2.0-only	upstream	distfiles/busybox/busybox-1.37.0.tar.bz2	busybox-1.37.0/archival/libarchive/bz/LICENSE	https://busybox.net/downloads/busybox-1.37.0.tar.bz2	1999	b5a136ed67798e51fe2e0ca0b2a21cb01b904ff0c9f7d563a6292e276607e58f	busybox	7d538556efae6692aa5f07535c6ff7f4100f3a97b9e370eded4801130ea03ac8
busybox	busybox-binsh@1.37.0-r31,busybox@1.37.0-r31,ssl_client@1.37.0-r31	GPL-2.0-only	upstream	distfiles/busybox/busybox-1.37.0.tar.bz2	busybox-1.37.0/archival/tar.c	https://busybox.net/downloads/busybox-1.37.0.tar.bz2	42674	97153818ce7be84f7deeae2bf682d5dfa0d5e0b07521c91565d7f780ba45a480	busybox-embedded-notices	4b67bf818e9cb6001105c127863a3275eaa32d579fd47ff2c5675d1a3e26e204
busybox	busybox-binsh@1.37.0-r31,busybox@1.37.0-r31,ssl_client@1.37.0-r31	GPL-2.0-only	upstream	distfiles/busybox/busybox-1.37.0.tar.bz2	busybox-1.37.0/coreutils/echo.c	https://busybox.net/downloads/busybox-1.37.0.tar.bz2	9958	2156aa3e9c62ee95d8fb814a795a8ac8973943ff7de9b0f9b70c61a75afa1376	busybox-embedded-notices	4b67bf818e9cb6001105c127863a3275eaa32d579fd47ff2c5675d1a3e26e204
busybox	busybox-binsh@1.37.0-r31,busybox@1.37.0-r31,ssl_client@1.37.0-r31	GPL-2.0-only	upstream	distfiles/busybox/busybox-1.37.0.tar.bz2	busybox-1.37.0/coreutils/env.c	https://busybox.net/downloads/busybox-1.37.0.tar.bz2	4755	cef0b1e62baada878c6aa1d57ea115ea75bc7c691b4a152e977c48572c02d915	busybox-embedded-notices	4b67bf818e9cb6001105c127863a3275eaa32d579fd47ff2c5675d1a3e26e204
busybox	busybox-binsh@1.37.0-r31,busybox@1.37.0-r31,ssl_client@1.37.0-r31	GPL-2.0-only	upstream	distfiles/busybox/busybox-1.37.0.tar.bz2	busybox-1.37.0/coreutils/od.c	https://busybox.net/downloads/busybox-1.37.0.tar.bz2	7891	cf9e4de8b9e5de8c462c00fc143447007cf75c9d1bdf1bc47b409c362f809b22	busybox-embedded-notices	4b67bf818e9cb6001105c127863a3275eaa32d579fd47ff2c5675d1a3e26e204
busybox	busybox-binsh@1.37.0-r31,busybox@1.37.0-r31,ssl_client@1.37.0-r31	GPL-2.0-only	upstream	distfiles/busybox/busybox-1.37.0.tar.bz2	busybox-1.37.0/include/volume_id.h	https://busybox.net/downloads/busybox-1.37.0.tar.bz2	1245	a54132ddb734f64b825119af742f33f895d6aa429da0dc0d03df56594bd481ed	busybox-embedded-notices	4b67bf818e9cb6001105c127863a3275eaa32d579fd47ff2c5675d1a3e26e204
busybox	busybox-binsh@1.37.0-r31,busybox@1.37.0-r31,ssl_client@1.37.0-r31	GPL-2.0-only	upstream	distfiles/busybox/busybox-1.37.0.tar.bz2	busybox-1.37.0/libbb/appletlib.c	https://busybox.net/downloads/busybox-1.37.0.tar.bz2	31330	b809a8a73948b4cdcf4ea70a4e14f883c39155e099d59a9709e14c6a0bc7edff	busybox	7d538556efae6692aa5f07535c6ff7f4100f3a97b9e370eded4801130ea03ac8
busybox	busybox-binsh@1.37.0-r31,busybox@1.37.0-r31,ssl_client@1.37.0-r31	GPL-2.0-only	upstream	distfiles/busybox/busybox-1.37.0.tar.bz2	busybox-1.37.0/libbb/change_identity.c	https://busybox.net/downloads/busybox-1.37.0.tar.bz2	2411	c8aef5e372ff6b742f18f8cfa9355e3d28d436d4be279fae5730706370e0c807	busybox-embedded-notices	4b67bf818e9cb6001105c127863a3275eaa32d579fd47ff2c5675d1a3e26e204
busybox	busybox-binsh@1.37.0-r31,busybox@1.37.0-r31,ssl_client@1.37.0-r31	GPL-2.0-only	upstream	distfiles/busybox/busybox-1.37.0.tar.bz2	busybox-1.37.0/libbb/correct_password.c	https://busybox.net/downloads/busybox-1.37.0.tar.bz2	4217	7f119ea757548393aed188e783fa58dbc240a35fc598acdc727295fea6290e9d	busybox-embedded-notices	4b67bf818e9cb6001105c127863a3275eaa32d579fd47ff2c5675d1a3e26e204
busybox	busybox-binsh@1.37.0-r31,busybox@1.37.0-r31,ssl_client@1.37.0-r31	GPL-2.0-only	upstream	distfiles/busybox/busybox-1.37.0.tar.bz2	busybox-1.37.0/libbb/dump.c	https://busybox.net/downloads/busybox-1.37.0.tar.bz2	22913	a6dbc2fc1a61a0eb7b268e4e47364ecb7d00bb1ad36b4b1432b747b32ebd8125	busybox-embedded-notices	4b67bf818e9cb6001105c127863a3275eaa32d579fd47ff2c5675d1a3e26e204
busybox	busybox-binsh@1.37.0-r31,busybox@1.37.0-r31,ssl_client@1.37.0-r31	GPL-2.0-only	upstream	distfiles/busybox/busybox-1.37.0.tar.bz2	busybox-1.37.0/libbb/progress.c	https://busybox.net/downloads/busybox-1.37.0.tar.bz2	7150	fc3db3f961b24eeed7413ca219de4d4520d041507485628e1a103f234ff03072	busybox-embedded-notices	4b67bf818e9cb6001105c127863a3275eaa32d579fd47ff2c5675d1a3e26e204
busybox	busybox-binsh@1.37.0-r31,busybox@1.37.0-r31,ssl_client@1.37.0-r31	GPL-2.0-only	upstream	distfiles/busybox/busybox-1.37.0.tar.bz2	busybox-1.37.0/libbb/run_shell.c	https://busybox.net/downloads/busybox-1.37.0.tar.bz2	3335	f551208951ef58f131fe2a49425d51b191b6ac25b7b95905125b63eb2e8d0bce	busybox-embedded-notices	4b67bf818e9cb6001105c127863a3275eaa32d579fd47ff2c5675d1a3e26e204
busybox	busybox-binsh@1.37.0-r31,busybox@1.37.0-r31,ssl_client@1.37.0-r31	GPL-2.0-only	upstream	distfiles/busybox/busybox-1.37.0.tar.bz2	busybox-1.37.0/libbb/setup_environment.c	https://busybox.net/downloads/busybox-1.37.0.tar.bz2	2952	4e2f6100a44e922c5c7b154e3044c656b7edfae966b2f83c8845248674551bde	busybox-embedded-notices	4b67bf818e9cb6001105c127863a3275eaa32d579fd47ff2c5675d1a3e26e204
busybox	busybox-binsh@1.37.0-r31,busybox@1.37.0-r31,ssl_client@1.37.0-r31	GPL-2.0-only	upstream	distfiles/busybox/busybox-1.37.0.tar.bz2	busybox-1.37.0/libbb/unicode.c	https://busybox.net/downloads/busybox-1.37.0.tar.bz2	32573	4bb46a66971f864c4e7ebb05e0e1070aa927b3d856f6a026ba7c23cffe4a3208	busybox-embedded-notices	4b67bf818e9cb6001105c127863a3275eaa32d579fd47ff2c5675d1a3e26e204
busybox	busybox-binsh@1.37.0-r31,busybox@1.37.0-r31,ssl_client@1.37.0-r31	GPL-2.0-only	upstream	distfiles/busybox/busybox-1.37.0.tar.bz2	busybox-1.37.0/libpwdgrp/uidgid_get.c	https://busybox.net/downloads/busybox-1.37.0.tar.bz2	3706	d3c0fab1a792ff2b6e158045150562d48ab5c327226a0ccf12729f40fb7b04f1	busybox-embedded-notices	4b67bf818e9cb6001105c127863a3275eaa32d579fd47ff2c5675d1a3e26e204
busybox	busybox-binsh@1.37.0-r31,busybox@1.37.0-r31,ssl_client@1.37.0-r31	GPL-2.0-only	upstream	distfiles/busybox/busybox-1.37.0.tar.bz2	busybox-1.37.0/networking/nc_bloaty.c	https://busybox.net/downloads/busybox-1.37.0.tar.bz2	31172	82313a93cc3b1262f4f91bebb5f5e9738a93c626f7959e49945b0d25b9d3cf67	busybox-embedded-notices	4b67bf818e9cb6001105c127863a3275eaa32d579fd47ff2c5675d1a3e26e204
busybox	busybox-binsh@1.37.0-r31,busybox@1.37.0-r31,ssl_client@1.37.0-r31	GPL-2.0-only	upstream	distfiles/busybox/busybox-1.37.0.tar.bz2	busybox-1.37.0/networking/nslookup.c	https://busybox.net/downloads/busybox-1.37.0.tar.bz2	36355	42e230de6741c8d66625f47a0cd7dc561f705737932a18a287d6dd7eb32ff1f9	busybox-embedded-notices	4b67bf818e9cb6001105c127863a3275eaa32d579fd47ff2c5675d1a3e26e204
busybox	busybox-binsh@1.37.0-r31,busybox@1.37.0-r31,ssl_client@1.37.0-r31	GPL-2.0-only	upstream	distfiles/busybox/busybox-1.37.0.tar.bz2	busybox-1.37.0/networking/ntpd.c	https://busybox.net/downloads/busybox-1.37.0.tar.bz2	92393	e804245a440cc1367f5346e227eecab3637a942f948b4dfade0b6cfdcff37b87	busybox-embedded-notices	4b67bf818e9cb6001105c127863a3275eaa32d579fd47ff2c5675d1a3e26e204
busybox	busybox-binsh@1.37.0-r31,busybox@1.37.0-r31,ssl_client@1.37.0-r31	GPL-2.0-only	upstream	distfiles/busybox/busybox-1.37.0.tar.bz2	busybox-1.37.0/networking/ping.c	https://busybox.net/downloads/busybox-1.37.0.tar.bz2	31076	e0f0641b1cc92f22143906ba63635b650d596d616f760cd397ec32710f905a2d	busybox-embedded-notices	4b67bf818e9cb6001105c127863a3275eaa32d579fd47ff2c5675d1a3e26e204
busybox	busybox-binsh@1.37.0-r31,busybox@1.37.0-r31,ssl_client@1.37.0-r31	GPL-2.0-only	upstream	distfiles/busybox/busybox-1.37.0.tar.bz2	busybox-1.37.0/networking/traceroute.c	https://busybox.net/downloads/busybox-1.37.0.tar.bz2	40524	356c523b0af35f020f5357a662010127e844cde71b74c5d2ca745dab704edaaf	busybox-embedded-notices	4b67bf818e9cb6001105c127863a3275eaa32d579fd47ff2c5675d1a3e26e204
busybox	busybox-binsh@1.37.0-r31,busybox@1.37.0-r31,ssl_client@1.37.0-r31	GPL-2.0-only	upstream	distfiles/busybox/busybox-1.37.0.tar.bz2	busybox-1.37.0/shell/ash.c	https://busybox.net/downloads/busybox-1.37.0.tar.bz2	342923	e8090e5dd0f79097b6b29399a8f14572049f011f86b6c6e4de66dfb75b58cfcd	busybox-embedded-notices	4b67bf818e9cb6001105c127863a3275eaa32d579fd47ff2c5675d1a3e26e204
busybox	busybox-binsh@1.37.0-r31,busybox@1.37.0-r31,ssl_client@1.37.0-r31	GPL-2.0-only	upstream	distfiles/busybox/busybox-1.37.0.tar.bz2	busybox-1.37.0/shell/math.c	https://busybox.net/downloads/busybox-1.37.0.tar.bz2	33124	7ac75a661483099ebb45fbcece1bc68971107658eb4e89711c9ce73579209948	busybox-embedded-notices	4b67bf818e9cb6001105c127863a3275eaa32d579fd47ff2c5675d1a3e26e204
busybox	busybox-binsh@1.37.0-r31,busybox@1.37.0-r31,ssl_client@1.37.0-r31	GPL-2.0-only	upstream	distfiles/busybox/busybox-1.37.0.tar.bz2	busybox-1.37.0/sysklogd/logger.c	https://busybox.net/downloads/busybox-1.37.0.tar.bz2	5529	80bddf77455678d46e64a06e19f611224b6a86fcb92cbfa80a66d9947fb11a37	busybox-embedded-notices	4b67bf818e9cb6001105c127863a3275eaa32d579fd47ff2c5675d1a3e26e204
busybox	busybox-binsh@1.37.0-r31,busybox@1.37.0-r31,ssl_client@1.37.0-r31	GPL-2.0-only	upstream	distfiles/busybox/busybox-1.37.0.tar.bz2	busybox-1.37.0/util-linux/cal.c	https://busybox.net/downloads/busybox-1.37.0.tar.bz2	10951	edcf6180c30623907c4334709491f05dc13350d2686ef21a8d4f7f062e276292	busybox-embedded-notices	4b67bf818e9cb6001105c127863a3275eaa32d579fd47ff2c5675d1a3e26e204
busybox	busybox-binsh@1.37.0-r31,busybox@1.37.0-r31,ssl_client@1.37.0-r31	GPL-2.0-only	upstream	distfiles/busybox/busybox-1.37.0.tar.bz2	busybox-1.37.0/util-linux/fdisk_osf.c	https://busybox.net/downloads/busybox-1.37.0.tar.bz2	29911	ee2f15e1f6fcc7dd4d1d12edca00face5698a04ed4a1991ec84c03b43a5d3c67	busybox-embedded-notices	4b67bf818e9cb6001105c127863a3275eaa32d579fd47ff2c5675d1a3e26e204
busybox	busybox-binsh@1.37.0-r31,busybox@1.37.0-r31,ssl_client@1.37.0-r31	GPL-2.0-only	upstream	distfiles/busybox/busybox-1.37.0.tar.bz2	busybox-1.37.0/util-linux/volume_id/bcache.c	https://busybox.net/downloads/busybox-1.37.0.tar.bz2	2505	9d0c1314e44cf908f810f06ac39c97f1f7e2618063108d41698586ce0d70b08d	busybox-embedded-notices	4b67bf818e9cb6001105c127863a3275eaa32d579fd47ff2c5675d1a3e26e204
busybox	busybox-binsh@1.37.0-r31,busybox@1.37.0-r31,ssl_client@1.37.0-r31	GPL-2.0-only	upstream	distfiles/busybox/busybox-1.37.0.tar.bz2	busybox-1.37.0/util-linux/volume_id/btrfs.c	https://busybox.net/downloads/busybox-1.37.0.tar.bz2	3173	9aec9a6f11f524972b85601b15e97f1b36b35abd018ac9c519838f6cd9627d3d	busybox-embedded-notices	4b67bf818e9cb6001105c127863a3275eaa32d579fd47ff2c5675d1a3e26e204
busybox	busybox-binsh@1.37.0-r31,busybox@1.37.0-r31,ssl_client@1.37.0-r31	GPL-2.0-only	upstream	distfiles/busybox/busybox-1.37.0.tar.bz2	busybox-1.37.0/util-linux/volume_id/cramfs.c	https://busybox.net/downloads/busybox-1.37.0.tar.bz2	1862	6395a775fe036f2afc006e45a8fda10e24301857897d36e558a8e15b2233e236	busybox-embedded-notices	4b67bf818e9cb6001105c127863a3275eaa32d579fd47ff2c5675d1a3e26e204
busybox	busybox-binsh@1.37.0-r31,busybox@1.37.0-r31,ssl_client@1.37.0-r31	GPL-2.0-only	upstream	distfiles/busybox/busybox-1.37.0.tar.bz2	busybox-1.37.0/util-linux/volume_id/exfat.c	https://busybox.net/downloads/busybox-1.37.0.tar.bz2	4935	dbf6ec1cba3cb4048a7d147ecb56cea364bdf5c0689a924b3bc0ed19ad7985c2	busybox-embedded-notices	4b67bf818e9cb6001105c127863a3275eaa32d579fd47ff2c5675d1a3e26e204
busybox	busybox-binsh@1.37.0-r31,busybox@1.37.0-r31,ssl_client@1.37.0-r31	GPL-2.0-only	upstream	distfiles/busybox/busybox-1.37.0.tar.bz2	busybox-1.37.0/util-linux/volume_id/ext.c	https://busybox.net/downloads/busybox-1.37.0.tar.bz2	2215	4930ce00249201d10d72ea8d4ebbaac00dbcdfaf18817e18e8d4363deaf8d508	busybox-embedded-notices	4b67bf818e9cb6001105c127863a3275eaa32d579fd47ff2c5675d1a3e26e204
busybox	busybox-binsh@1.37.0-r31,busybox@1.37.0-r31,ssl_client@1.37.0-r31	GPL-2.0-only	upstream	distfiles/busybox/busybox-1.37.0.tar.bz2	busybox-1.37.0/util-linux/volume_id/fat.c	https://busybox.net/downloads/busybox-1.37.0.tar.bz2	9428	e5c41ec8dc220247710ee67fce345bd385f3ab870e7f72069c607e8baef68c7d	busybox-embedded-notices	4b67bf818e9cb6001105c127863a3275eaa32d579fd47ff2c5675d1a3e26e204
busybox	busybox-binsh@1.37.0-r31,busybox@1.37.0-r31,ssl_client@1.37.0-r31	GPL-2.0-only	upstream	distfiles/busybox/busybox-1.37.0.tar.bz2	busybox-1.37.0/util-linux/volume_id/iso9660.c	https://busybox.net/downloads/busybox-1.37.0.tar.bz2	3619	5938e7c341facba81150941b37a575483ab88e76450c5f14bc5789f664ef4ab4	busybox-embedded-notices	4b67bf818e9cb6001105c127863a3275eaa32d579fd47ff2c5675d1a3e26e204
busybox	busybox-binsh@1.37.0-r31,busybox@1.37.0-r31,ssl_client@1.37.0-r31	GPL-2.0-only	upstream	distfiles/busybox/busybox-1.37.0.tar.bz2	busybox-1.37.0/util-linux/volume_id/jfs.c	https://busybox.net/downloads/busybox-1.37.0.tar.bz2	1920	a28b6eecc21560ccee08096ff8e523ca8c85d09ecdb55902e1b4ac628980a93c	busybox-embedded-notices	4b67bf818e9cb6001105c127863a3275eaa32d579fd47ff2c5675d1a3e26e204
busybox	busybox-binsh@1.37.0-r31,busybox@1.37.0-r31,ssl_client@1.37.0-r31	GPL-2.0-only	upstream	distfiles/busybox/busybox-1.37.0.tar.bz2	busybox-1.37.0/util-linux/volume_id/linux_raid.c	https://busybox.net/downloads/busybox-1.37.0.tar.bz2	2556	44f8b56ccf905cf862b439542e17faa156ecd5cfc0e4e11f057e9d3a954d6a61	busybox-embedded-notices	4b67bf818e9cb6001105c127863a3275eaa32d579fd47ff2c5675d1a3e26e204
busybox	busybox-binsh@1.37.0-r31,busybox@1.37.0-r31,ssl_client@1.37.0-r31	GPL-2.0-only	upstream	distfiles/busybox/busybox-1.37.0.tar.bz2	busybox-1.37.0/util-linux/volume_id/linux_swap.c	https://busybox.net/downloads/busybox-1.37.0.tar.bz2	2523	098275da666287a5f02518c7170cb0e86c8f286da37fc610941891b48af3c5f5	busybox-embedded-notices	4b67bf818e9cb6001105c127863a3275eaa32d579fd47ff2c5675d1a3e26e204
busybox	busybox-binsh@1.37.0-r31,busybox@1.37.0-r31,ssl_client@1.37.0-r31	GPL-2.0-only	upstream	distfiles/busybox/busybox-1.37.0.tar.bz2	busybox-1.37.0/util-linux/volume_id/luks.c	https://busybox.net/downloads/busybox-1.37.0.tar.bz2	2874	0b5f054b7ee016b5f14cc50715f6b40ec72f44a7246679d3fc8cd41c6bbda4a4	busybox-embedded-notices	4b67bf818e9cb6001105c127863a3275eaa32d579fd47ff2c5675d1a3e26e204
busybox	busybox-binsh@1.37.0-r31,busybox@1.37.0-r31,ssl_client@1.37.0-r31	GPL-2.0-only	upstream	distfiles/busybox/busybox-1.37.0.tar.bz2	busybox-1.37.0/util-linux/volume_id/minix.c	https://busybox.net/downloads/busybox-1.37.0.tar.bz2	2653	50b40f4dd72c438df86c40b8de47b89d18e8e8ebb30da3a14b389afa64b1fb7f	busybox-embedded-notices	4b67bf818e9cb6001105c127863a3275eaa32d579fd47ff2c5675d1a3e26e204
busybox	busybox-binsh@1.37.0-r31,busybox@1.37.0-r31,ssl_client@1.37.0-r31	GPL-2.0-only	upstream	distfiles/busybox/busybox-1.37.0.tar.bz2	busybox-1.37.0/util-linux/volume_id/nilfs.c	https://busybox.net/downloads/busybox-1.37.0.tar.bz2	4172	1417e2b39c42bc5a001a3339f968531cea3fe42b821875f4b488af7c8fb47c74	busybox-embedded-notices	4b67bf818e9cb6001105c127863a3275eaa32d579fd47ff2c5675d1a3e26e204
busybox	busybox-binsh@1.37.0-r31,busybox@1.37.0-r31,ssl_client@1.37.0-r31	GPL-2.0-only	upstream	distfiles/busybox/busybox-1.37.0.tar.bz2	busybox-1.37.0/util-linux/volume_id/ntfs.c	https://busybox.net/downloads/busybox-1.37.0.tar.bz2	5582	75d6bc1a17ce461de353ae93d6fd61fd05fd217dfd0b6cb20c9c0afddab8b486	busybox-embedded-notices	4b67bf818e9cb6001105c127863a3275eaa32d579fd47ff2c5675d1a3e26e204
busybox	busybox-binsh@1.37.0-r31,busybox@1.37.0-r31,ssl_client@1.37.0-r31	GPL-2.0-only	upstream	distfiles/busybox/busybox-1.37.0.tar.bz2	busybox-1.37.0/util-linux/volume_id/ocfs2.c	https://busybox.net/downloads/busybox-1.37.0.tar.bz2	4596	4a7f3327a20aa539b4d5cc8615391bec51df1ea056990eaf115c7b437443e148	busybox-embedded-notices	4b67bf818e9cb6001105c127863a3275eaa32d579fd47ff2c5675d1a3e26e204
busybox	busybox-binsh@1.37.0-r31,busybox@1.37.0-r31,ssl_client@1.37.0-r31	GPL-2.0-only	upstream	distfiles/busybox/busybox-1.37.0.tar.bz2	busybox-1.37.0/util-linux/volume_id/reiserfs.c	https://busybox.net/downloads/busybox-1.37.0.tar.bz2	3454	0297e337305f158fe145502309d8e775f5aaca34ee0bf696a0e63facc0efa6ee	busybox-embedded-notices	4b67bf818e9cb6001105c127863a3275eaa32d579fd47ff2c5675d1a3e26e204
busybox	busybox-binsh@1.37.0-r31,busybox@1.37.0-r31,ssl_client@1.37.0-r31	GPL-2.0-only	upstream	distfiles/busybox/busybox-1.37.0.tar.bz2	busybox-1.37.0/util-linux/volume_id/udf.c	https://busybox.net/downloads/busybox-1.37.0.tar.bz2	4619	def5fb4848608ebe4f42e52bf76c34209b56c212f57f11550f9fa308e0b2d86e	busybox-embedded-notices	4b67bf818e9cb6001105c127863a3275eaa32d579fd47ff2c5675d1a3e26e204
busybox	busybox-binsh@1.37.0-r31,busybox@1.37.0-r31,ssl_client@1.37.0-r31	GPL-2.0-only	upstream	distfiles/busybox/busybox-1.37.0.tar.bz2	busybox-1.37.0/util-linux/volume_id/util.c	https://busybox.net/downloads/busybox-1.37.0.tar.bz2	6789	00d10502c36ff6b1386234b3b9fcb2edeca6f985c67319d4010f2764b43f56ba	busybox-embedded-notices	4b67bf818e9cb6001105c127863a3275eaa32d579fd47ff2c5675d1a3e26e204
busybox	busybox-binsh@1.37.0-r31,busybox@1.37.0-r31,ssl_client@1.37.0-r31	GPL-2.0-only	upstream	distfiles/busybox/busybox-1.37.0.tar.bz2	busybox-1.37.0/util-linux/volume_id/volume_id.c	https://busybox.net/downloads/busybox-1.37.0.tar.bz2	6892	b2023477d587f041d1667f437158f1cbd4be01e67e45285eff1e812503367e48	busybox-embedded-notices	4b67bf818e9cb6001105c127863a3275eaa32d579fd47ff2c5675d1a3e26e204
busybox	busybox-binsh@1.37.0-r31,busybox@1.37.0-r31,ssl_client@1.37.0-r31	GPL-2.0-only	upstream	distfiles/busybox/busybox-1.37.0.tar.bz2	busybox-1.37.0/util-linux/volume_id/volume_id_internal.h	https://busybox.net/downloads/busybox-1.37.0.tar.bz2	8034	83583a4cc57ff780d7b3c0609b1882a23081eb3b9b1c57cddaedc892ed1c6cd3	busybox-embedded-notices	4b67bf818e9cb6001105c127863a3275eaa32d579fd47ff2c5675d1a3e26e204
busybox	busybox-binsh@1.37.0-r31,busybox@1.37.0-r31,ssl_client@1.37.0-r31	GPL-2.0-only	upstream	distfiles/busybox/busybox-1.37.0.tar.bz2	busybox-1.37.0/util-linux/volume_id/xfs.c	https://busybox.net/downloads/busybox-1.37.0.tar.bz2	1898	a29583af21fe45c2545d45fe7655d5f3c06ed6b6431abf755439cbf881053204	busybox-embedded-notices	4b67bf818e9cb6001105c127863a3275eaa32d579fd47ff2c5675d1a3e26e204
ca-certificates	ca-certificates-bundle@20260611-r0	MPL-2.0 AND MIT	aports	aports/ca-certificates.tar.gz	aports-e41cbd2ae991adfe8df298ba8e8e777e90bd0e03-e41cbd2ae991adfe8df298ba8e8e777e90bd0e03-main-ca-certificates/main/ca-certificates/APKBUILD	https://gitlab.alpinelinux.org/api/v4/projects/alpine%2Faports/repository/archive.tar.gz?sha=e41cbd2ae991adfe8df298ba8e8e777e90bd0e03&path=main%2Fca-certificates	2520	a1429622d05b27e016c1266312be8a9a7e4610da01d7d40826b1681677c53843	ca-certificates	31db4966eb21154be62b7fec580f581d51016b406969574cdf9209a90a3fa85b
ca-certificates	ca-certificates-bundle@20260611-r0	MPL-2.0 AND MIT	authority	license-inputs/MIT.txt	-	https://spdx.org/licenses/MIT.txt	1077	c3b1b78bc8bd3ea13aa4bc9778442d16560270afa235006d816e5e88cef24db4	mit-license	b5cec5edf1781f18d7fefe872437df927688b15a8f4a409d66986c5c033a609d
ca-certificates	ca-certificates-bundle@20260611-r0	MPL-2.0 AND MIT	authority	license-inputs/MPL-2.0.txt	-	https://www.mozilla.org/media/MPL/2.0/index.txt	16726	3f3d9e0024b1921b067d6f7f88deb4a60cbe7a78e76c64e3f1d7fc3b779b9d04	ca-certificates	31db4966eb21154be62b7fec580f581d51016b406969574cdf9209a90a3fa85b
ca-certificates	ca-certificates-bundle@20260611-r0	MPL-2.0 AND MIT	upstream	distfiles/ca-certificates/ca-certificates-20260611.tar.bz2	ca-certificates-20260611/c_rehash.c	https://gitlab.alpinelinux.org/alpine/ca-certificates/-/archive/20260611/ca-certificates-20260611.tar.bz2	9533	a68fedc0edd976b9f35ecfdcb252d80dc12084b1bc4e945be7dc42c437d8b540	ca-certificates	31db4966eb21154be62b7fec580f581d51016b406969574cdf9209a90a3fa85b
ca-certificates	ca-certificates-bundle@20260611-r0	MPL-2.0 AND MIT	upstream	distfiles/ca-certificates/ca-certificates-20260611.tar.bz2	ca-certificates-20260611/certdata.txt	https://gitlab.alpinelinux.org/alpine/ca-certificates/-/archive/20260611/ca-certificates-20260611.tar.bz2	1330761	e57912808daef7b2b0fa4df2ccf17e47aeaf26c839a38f85c76003ebafd866bd	ca-certificates	31db4966eb21154be62b7fec580f581d51016b406969574cdf9209a90a3fa85b
ca-certificates	ca-certificates-bundle@20260611-r0	MPL-2.0 AND MIT	upstream	distfiles/ca-certificates/ca-certificates-20260611.tar.bz2	ca-certificates-20260611/mk-ca-bundle.pl	https://gitlab.alpinelinux.org/alpine/ca-certificates/-/archive/20260611/ca-certificates-20260611.tar.bz2	24507	0c66ca4c5418e2137d20e65bd10df0b193bf9578f7e7a947e5413e198652b4bd	ca-certificates	31db4966eb21154be62b7fec580f581d51016b406969574cdf9209a90a3fa85b
musl	musl-utils@1.2.6-r2	MIT AND BSD-2-Clause AND GPL-2.0-or-later	aports	aports/musl.tar.gz	aports-f5640d3a10f664c9119720c60515265d3d6f6d01-f5640d3a10f664c9119720c60515265d3d6f6d01-main-musl/main/musl/getconf.c	https://gitlab.alpinelinux.org/api/v4/projects/alpine%2Faports/repository/archive.tar.gz?sha=f5640d3a10f664c9119720c60515265d3d6f6d01&path=main%2Fmusl	11614	d87d0cbb3690ae2c5d8cc218349fd8278b93855dd625deaf7ae50e320aad247c	musl	67e6a3895835fe1bc3d134438869821168310f0cf9f2e04c676fc1e386728aed
musl	musl-utils@1.2.6-r2	MIT AND BSD-2-Clause AND GPL-2.0-or-later	aports	aports/musl.tar.gz	aports-f5640d3a10f664c9119720c60515265d3d6f6d01-f5640d3a10f664c9119720c60515265d3d6f6d01-main-musl/main/musl/getent.c	https://gitlab.alpinelinux.org/api/v4/projects/alpine%2Faports/repository/archive.tar.gz?sha=f5640d3a10f664c9119720c60515265d3d6f6d01&path=main%2Fmusl	11656	a6171c2db641cdd99c164169d3c5c6ca323617483cedec4cbbe3eb39c5834df0	musl	67e6a3895835fe1bc3d134438869821168310f0cf9f2e04c676fc1e386728aed
musl	musl-utils@1.2.6-r2	MIT AND BSD-2-Clause AND GPL-2.0-or-later	aports	aports/musl.tar.gz	aports-f5640d3a10f664c9119720c60515265d3d6f6d01-f5640d3a10f664c9119720c60515265d3d6f6d01-main-musl/main/musl/iconv.c	https://gitlab.alpinelinux.org/api/v4/projects/alpine%2Faports/repository/archive.tar.gz?sha=f5640d3a10f664c9119720c60515265d3d6f6d01&path=main%2Fmusl	2577	f79a2930a2e5bb0624321589edf8b889d1e9b603e01e6b7ae214616605b3fdd7	musl	67e6a3895835fe1bc3d134438869821168310f0cf9f2e04c676fc1e386728aed
musl	musl-utils@1.2.6-r2	MIT AND BSD-2-Clause AND GPL-2.0-or-later	aports	aports/musl.tar.gz	aports-f5640d3a10f664c9119720c60515265d3d6f6d01-f5640d3a10f664c9119720c60515265d3d6f6d01-main-musl/main/musl/ldconfig	https://gitlab.alpinelinux.org/api/v4/projects/alpine%2Faports/repository/archive.tar.gz?sha=f5640d3a10f664c9119720c60515265d3d6f6d01&path=main%2Fmusl	393	7065021e04a5060957b5c6907af671a7028230d91927fb0c25892cadd9312b7c	musl	67e6a3895835fe1bc3d134438869821168310f0cf9f2e04c676fc1e386728aed
musl	musl@1.2.6-r2	MIT	upstream	distfiles/musl/musl-1.2.6.tar.gz	musl-1.2.6/COPYRIGHT	https://musl.libc.org/releases/musl-1.2.6.tar.gz	6196	b870108ec5e7790e9f9919064f1b9421d62d5f9b0e6c230c6adf7ea2da62e97b	musl	67e6a3895835fe1bc3d134438869821168310f0cf9f2e04c676fc1e386728aed
musl	musl@1.2.6-r2	MIT	upstream	distfiles/musl/musl-1.2.6.tar.gz	musl-1.2.6/src/complex/__cexp.c	https://musl.libc.org/releases/musl-1.2.6.tar.gz	3287	ffcf569466b0ac3defff943c989b6b181c7c41dc4f9538c32944459a5272203b	musl-embedded-notices	aa6720761fc19708294a05ad84da3bea3be99a1c6ffbdf562fa736745ef67306
musl	musl@1.2.6-r2	MIT	upstream	distfiles/musl/musl-1.2.6.tar.gz	musl-1.2.6/src/complex/__cexpf.c	https://musl.libc.org/releases/musl-1.2.6.tar.gz	2419	3cedd5c25cc80d78713bd44c53c7f3170dad26fde14ea5eb3b0028bfede24517	musl-embedded-notices	aa6720761fc19708294a05ad84da3bea3be99a1c6ffbdf562fa736745ef67306
musl	musl@1.2.6-r2	MIT	upstream	distfiles/musl/musl-1.2.6.tar.gz	musl-1.2.6/src/complex/catan.c	https://musl.libc.org/releases/musl-1.2.6.tar.gz	2147	b83556e819c8fe98e9396662b60d91377f063f7f6825a38a807303e1aa5065ef	musl-embedded-notices	aa6720761fc19708294a05ad84da3bea3be99a1c6ffbdf562fa736745ef67306
musl	musl@1.2.6-r2	MIT	upstream	distfiles/musl/musl-1.2.6.tar.gz	musl-1.2.6/src/complex/catanf.c	https://musl.libc.org/releases/musl-1.2.6.tar.gz	1923	cda26231faad4c6abcd09006255abba34bf5d1093e92b8f1bbf62f1c82af033d	musl-embedded-notices	aa6720761fc19708294a05ad84da3bea3be99a1c6ffbdf562fa736745ef67306
musl	musl@1.2.6-r2	MIT	upstream	distfiles/musl/musl-1.2.6.tar.gz	musl-1.2.6/src/complex/catanl.c	https://musl.libc.org/releases/musl-1.2.6.tar.gz	2341	b7b08a341a00ecb3e5169f648c95f30efc910a7ad0f3fc180c4345d2dd920d7f	musl-embedded-notices	aa6720761fc19708294a05ad84da3bea3be99a1c6ffbdf562fa736745ef67306
musl	musl@1.2.6-r2	MIT	upstream	distfiles/musl/musl-1.2.6.tar.gz	musl-1.2.6/src/complex/ccosh.c	https://musl.libc.org/releases/musl-1.2.6.tar.gz	4762	9997abb272468781bc9b6b61a1550e95d1f956df109e0a646d578a3dc2c3aef9	musl-embedded-notices	aa6720761fc19708294a05ad84da3bea3be99a1c6ffbdf562fa736745ef67306
musl	musl@1.2.6-r2	MIT	upstream	distfiles/musl/musl-1.2.6.tar.gz	musl-1.2.6/src/complex/ccoshf.c	https://musl.libc.org/releases/musl-1.2.6.tar.gz	3034	6ebf4355682268356685ba79621a47f2f955ca910bf13ca6ed32bb52e893574f	musl-embedded-notices	aa6720761fc19708294a05ad84da3bea3be99a1c6ffbdf562fa736745ef67306
musl	musl@1.2.6-r2	MIT	upstream	distfiles/musl/musl-1.2.6.tar.gz	musl-1.2.6/src/complex/cexp.c	https://musl.libc.org/releases/musl-1.2.6.tar.gz	2852	30943458b19d417812e326d8a61a2413ebce139c826c997ad6598dcddb6e673d	musl-embedded-notices	aa6720761fc19708294a05ad84da3bea3be99a1c6ffbdf562fa736745ef67306
musl	musl@1.2.6-r2	MIT	upstream	distfiles/musl/musl-1.2.6.tar.gz	musl-1.2.6/src/complex/cexpf.c	https://musl.libc.org/releases/musl-1.2.6.tar.gz	2820	7de06c6bebd823987c5eefe19821b8a473332ec724d6cc0a6a27955a33ba3734	musl-embedded-notices	aa6720761fc19708294a05ad84da3bea3be99a1c6ffbdf562fa736745ef67306
musl	musl@1.2.6-r2	MIT	upstream	distfiles/musl/musl-1.2.6.tar.gz	musl-1.2.6/src/complex/csinh.c	https://musl.libc.org/releases/musl-1.2.6.tar.gz	4748	ed236ed0232c73d39a372a6799ba63b2eaeccc5f03aca0045fcb1504bb489489	musl-embedded-notices	aa6720761fc19708294a05ad84da3bea3be99a1c6ffbdf562fa736745ef67306
musl	musl@1.2.6-r2	MIT	upstream	distfiles/musl/musl-1.2.6.tar.gz	musl-1.2.6/src/complex/csinhf.c	https://musl.libc.org/releases/musl-1.2.6.tar.gz	2995	4ed3be03188b48d701d8edaa88b0e282cb2ec88b8af1c2f0e2a3f76fba60a773	musl-embedded-notices	aa6720761fc19708294a05ad84da3bea3be99a1c6ffbdf562fa736745ef67306
musl	musl@1.2.6-r2	MIT	upstream	distfiles/musl/musl-1.2.6.tar.gz	musl-1.2.6/src/complex/csqrt.c	https://musl.libc.org/releases/musl-1.2.6.tar.gz	3139	4f6cfa6aec61754c1ee2ea683ec00e7837eaa1993edafbc516c6c4978e3567b4	musl-embedded-notices	aa6720761fc19708294a05ad84da3bea3be99a1c6ffbdf562fa736745ef67306
musl	musl@1.2.6-r2	MIT	upstream	distfiles/musl/musl-1.2.6.tar.gz	musl-1.2.6/src/complex/csqrtf.c	https://musl.libc.org/releases/musl-1.2.6.tar.gz	2915	8dd69a3ec2052cf54f38e61156b057c2ff74d00da9db64da63f646e30a36e8e3	musl-embedded-notices	aa6720761fc19708294a05ad84da3bea3be99a1c6ffbdf562fa736745ef67306
musl	musl@1.2.6-r2	MIT	upstream	distfiles/musl/musl-1.2.6.tar.gz	musl-1.2.6/src/complex/ctanh.c	https://musl.libc.org/releases/musl-1.2.6.tar.gz	4200	7daa31e0831e9805934bd0e6a33816daf16c0bf1076babeb9799fe6e185ac045	musl-embedded-notices	aa6720761fc19708294a05ad84da3bea3be99a1c6ffbdf562fa736745ef67306
musl	musl@1.2.6-r2	MIT	upstream	distfiles/musl/musl-1.2.6.tar.gz	musl-1.2.6/src/complex/ctanhf.c	https://musl.libc.org/releases/musl-1.2.6.tar.gz	2253	1ebb7bddc872c96bf3e7c8d1a529c14f28db4cf75cc8237fdb1ad62764b405bf	musl-embedded-notices	aa6720761fc19708294a05ad84da3bea3be99a1c6ffbdf562fa736745ef67306
musl	musl@1.2.6-r2	MIT	upstream	distfiles/musl/musl-1.2.6.tar.gz	musl-1.2.6/src/crypt/crypt_blowfish.c	https://musl.libc.org/releases/musl-1.2.6.tar.gz	29664	0f9054739e295e3e981e7aa29c8f287a190aef065b84a82a4c6817120d5da05d	musl-embedded-notices	aa6720761fc19708294a05ad84da3bea3be99a1c6ffbdf562fa736745ef67306
musl	musl@1.2.6-r2	MIT	upstream	distfiles/musl/musl-1.2.6.tar.gz	musl-1.2.6/src/crypt/crypt_des.c	https://musl.libc.org/releases/musl-1.2.6.tar.gz	34020	546b4ee35446fb2a551d7414779395789f81d53aefbabd8914375686af5d228e	musl-embedded-notices	aa6720761fc19708294a05ad84da3bea3be99a1c6ffbdf562fa736745ef67306
musl	musl@1.2.6-r2	MIT	upstream	distfiles/musl/musl-1.2.6.tar.gz	musl-1.2.6/src/crypt/crypt_md5.c	https://musl.libc.org/releases/musl-1.2.6.tar.gz	8121	85d1d364c100fc982e99adb0d176e1d4475d175fc5c12bba696cda9c62d62c6b	musl-embedded-notices	aa6720761fc19708294a05ad84da3bea3be99a1c6ffbdf562fa736745ef67306
musl	musl@1.2.6-r2	MIT	upstream	distfiles/musl/musl-1.2.6.tar.gz	musl-1.2.6/src/math/__cos.c	https://musl.libc.org/releases/musl-1.2.6.tar.gz	2884	3f0f774aab60a18d7ef935ffdf121bcda17cbadabff14096c614da22e31a42c1	musl-embedded-notices	aa6720761fc19708294a05ad84da3bea3be99a1c6ffbdf562fa736745ef67306
musl	musl@1.2.6-r2	MIT	upstream	distfiles/musl/musl-1.2.6.tar.gz	musl-1.2.6/src/math/__cosdf.c	https://musl.libc.org/releases/musl-1.2.6.tar.gz	1102	0ba872cc7e26b93bb9784d19fee84b263e1fa3543a76ec3c0893aea47453a2a7	musl-embedded-notices	aa6720761fc19708294a05ad84da3bea3be99a1c6ffbdf562fa736745ef67306
musl	musl@1.2.6-r2	MIT	upstream	distfiles/musl/musl-1.2.6.tar.gz	musl-1.2.6/src/math/__cosl.c	https://musl.libc.org/releases/musl-1.2.6.tar.gz	3855	fd644ce4ab8797b1220e2197b284212094a3b299bdf2c4faf66ead81b0fc620d	musl-embedded-notices	aa6720761fc19708294a05ad84da3bea3be99a1c6ffbdf562fa736745ef67306
musl	musl@1.2.6-r2	MIT	upstream	distfiles/musl/musl-1.2.6.tar.gz	musl-1.2.6/src/math/__polevll.c	https://musl.libc.org/releases/musl-1.2.6.tar.gz	2305	4fef0127318ba19fd5796b6b69a938030d22adb16aaab2ade3e634c8c5c93479	musl-embedded-notices	aa6720761fc19708294a05ad84da3bea3be99a1c6ffbdf562fa736745ef67306
musl	musl@1.2.6-r2	MIT	upstream	distfiles/musl/musl-1.2.6.tar.gz	musl-1.2.6/src/math/__rem_pio2.c	https://musl.libc.org/releases/musl-1.2.6.tar.gz	4722	938329e0939cd83ee2185a52154b41242f618d4a6df1b08395f344da33d4f1e6	musl-embedded-notices	aa6720761fc19708294a05ad84da3bea3be99a1c6ffbdf562fa736745ef67306
musl	musl@1.2.6-r2	MIT	upstream	distfiles/musl/musl-1.2.6.tar.gz	musl-1.2.6/src/math/__rem_pio2_large.c	https://musl.libc.org/releases/musl-1.2.6.tar.gz	16408	b97f19fb5951c83a0c10506fab35646caefde13bd03100ad2af55ef00af0b9fb	musl-embedded-notices	aa6720761fc19708294a05ad84da3bea3be99a1c6ffbdf562fa736745ef67306
musl	musl@1.2.6-r2	MIT	upstream	distfiles/musl/musl-1.2.6.tar.gz	musl-1.2.6/src/math/__rem_pio2f.c	https://musl.libc.org/releases/musl-1.2.6.tar.gz	2242	b73a0219ba4a34e39ed904b5008126ff1b12dfa1a4a380941363c8db5088d756	musl-embedded-notices	aa6720761fc19708294a05ad84da3bea3be99a1c6ffbdf562fa736745ef67306
musl	musl@1.2.6-r2	MIT	upstream	distfiles/musl/musl-1.2.6.tar.gz	musl-1.2.6/src/math/__rem_pio2l.c	https://musl.libc.org/releases/musl-1.2.6.tar.gz	4805	70f1c69285c0d211d696d5c048e269d46000e5d75fc6a80623ef45e861447a94	musl-embedded-notices	aa6720761fc19708294a05ad84da3bea3be99a1c6ffbdf562fa736745ef67306
musl	musl@1.2.6-r2	MIT	upstream	distfiles/musl/musl-1.2.6.tar.gz	musl-1.2.6/src/math/__sin.c	https://musl.libc.org/releases/musl-1.2.6.tar.gz	2364	f3a37ef9bcfb8a2f9c809d8c7f1aa2c17c8c3319ad7fb2fe7c0a6284ea8859d2	musl-embedded-notices	aa6720761fc19708294a05ad84da3bea3be99a1c6ffbdf562fa736745ef67306
musl	musl@1.2.6-r2	MIT	upstream	distfiles/musl/musl-1.2.6.tar.gz	musl-1.2.6/src/math/__sindf.c	https://musl.libc.org/releases/musl-1.2.6.tar.gz	1101	de7026bcd159b7d06a8cbcc162df722014f3b1a3cc4183116b6b7829eef1d118	musl-embedded-notices	aa6720761fc19708294a05ad84da3bea3be99a1c6ffbdf562fa736745ef67306
musl	musl@1.2.6-r2	MIT	upstream	distfiles/musl/musl-1.2.6.tar.gz	musl-1.2.6/src/math/__sinl.c	https://musl.libc.org/releases/musl-1.2.6.tar.gz	2890	b6dfffc327cac147a0a2b17a12e9f4ec8ff6df463733db55c316a55ef4bcdb96	musl-embedded-notices	aa6720761fc19708294a05ad84da3bea3be99a1c6ffbdf562fa736745ef67306
musl	musl@1.2.6-r2	MIT	upstream	distfiles/musl/musl-1.2.6.tar.gz	musl-1.2.6/src/math/__tan.c	https://musl.libc.org/releases/musl-1.2.6.tar.gz	3963	e18b65b69fced8dbb2d3ed1a3dc6daea0e9f857f2762f274380bd89a6f89d2c4	musl-embedded-notices	aa6720761fc19708294a05ad84da3bea3be99a1c6ffbdf562fa736745ef67306
musl	musl@1.2.6-r2	MIT	upstream	distfiles/musl/musl-1.2.6.tar.gz	musl-1.2.6/src/math/__tandf.c	https://musl.libc.org/releases/musl-1.2.6.tar.gz	1869	60455f3cc0ac743f3eaf0017a3a4f0adbab37c0ee30d29397852d22904c40444	musl-embedded-notices	aa6720761fc19708294a05ad84da3bea3be99a1c6ffbdf562fa736745ef67306
musl	musl@1.2.6-r2	MIT	upstream	distfiles/musl/musl-1.2.6.tar.gz	musl-1.2.6/src/math/__tanl.c	https://musl.libc.org/releases/musl-1.2.6.tar.gz	5411	3788db7251d2e14b17e761bc2eccd0d8faa3c72c16eef7a56ca2ca75eca177df	musl-embedded-notices	aa6720761fc19708294a05ad84da3bea3be99a1c6ffbdf562fa736745ef67306
musl	musl@1.2.6-r2	MIT	upstream	distfiles/musl/musl-1.2.6.tar.gz	musl-1.2.6/src/math/acos.c	https://musl.libc.org/releases/musl-1.2.6.tar.gz	2931	cc6f9017e7e2e0ef01516fa12c68aa63865e6415c90dc039dfce9abffae09a4c	musl-embedded-notices	aa6720761fc19708294a05ad84da3bea3be99a1c6ffbdf562fa736745ef67306
musl	musl@1.2.6-r2	MIT	upstream	distfiles/musl/musl-1.2.6.tar.gz	musl-1.2.6/src/math/acosf.c	https://musl.libc.org/releases/musl-1.2.6.tar.gz	1567	b20b3dcb58ce7cc55963945f8cb83efbf064b29d2da3011f2cec5d08459f2aa7	musl-embedded-notices	aa6720761fc19708294a05ad84da3bea3be99a1c6ffbdf562fa736745ef67306
musl	musl@1.2.6-r2	MIT	upstream	distfiles/musl/musl-1.2.6.tar.gz	musl-1.2.6/src/math/acosl.c	https://musl.libc.org/releases/musl-1.2.6.tar.gz	1610	ed40b99c604aa593ee2ee71c02f928cb68c1afdf8a18243b0e7b6cc9a65586c1	musl-embedded-notices	aa6720761fc19708294a05ad84da3bea3be99a1c6ffbdf562fa736745ef67306
musl	musl@1.2.6-r2	MIT	upstream	distfiles/musl/musl-1.2.6.tar.gz	musl-1.2.6/src/math/asin.c	https://musl.libc.org/releases/musl-1.2.6.tar.gz	3402	9302dd0b2f302f7b7decce82e737ed250bae1bcc65c19eaf3d7ec19010892e63	musl-embedded-notices	aa6720761fc19708294a05ad84da3bea3be99a1c6ffbdf562fa736745ef67306
musl	musl@1.2.6-r2	MIT	upstream	distfiles/musl/musl-1.2.6.tar.gz	musl-1.2.6/src/math/asinf.c	https://musl.libc.org/releases/musl-1.2.6.tar.gz	1462	6bc9b2392b81efa4c6a80c8602a2c0898d3b5c77444f6d3266ac71c18df222c5	musl-embedded-notices	aa6720761fc19708294a05ad84da3bea3be99a1c6ffbdf562fa736745ef67306
musl	musl@1.2.6-r2	MIT	upstream	distfiles/musl/musl-1.2.6.tar.gz	musl-1.2.6/src/math/asinl.c	https://musl.libc.org/releases/musl-1.2.6.tar.gz	1817	4a0e729842b1bf3181bad43b2f048dd3652b73456e0a3f44f6e65c2c51765e9f	musl-embedded-notices	aa6720761fc19708294a05ad84da3bea3be99a1c6ffbdf562fa736745ef67306
musl	musl@1.2.6-r2	MIT	upstream	distfiles/musl/musl-1.2.6.tar.gz	musl-1.2.6/src/math/atan.c	https://musl.libc.org/releases/musl-1.2.6.tar.gz	3934	1cffb67a65456ae0bc5f07a94df04a4f18ebc1ac0bffe3219250c4e0555ee01d	musl-embedded-notices	aa6720761fc19708294a05ad84da3bea3be99a1c6ffbdf562fa736745ef67306
musl	musl@1.2.6-r2	MIT	upstream	distfiles/musl/musl-1.2.6.tar.gz	musl-1.2.6/src/math/atan2.c	https://musl.libc.org/releases/musl-1.2.6.tar.gz	3283	a5f94b09b10b4e72bb15d94ae403c9dfd27d7ad881ecd729000004429acfca63	musl-embedded-notices	aa6720761fc19708294a05ad84da3bea3be99a1c6ffbdf562fa736745ef67306
musl	musl@1.2.6-r2	MIT	upstream	distfiles/musl/musl-1.2.6.tar.gz	musl-1.2.6/src/math/atan2f.c	https://musl.libc.org/releases/musl-1.2.6.tar.gz	2216	31a61a0a4c7b00db625b708525f24673a83df868a3e363042c9cc9dcf0aaeec8	musl-embedded-notices	aa6720761fc19708294a05ad84da3bea3be99a1c6ffbdf562fa736745ef67306
musl	musl@1.2.6-r2	MIT	upstream	distfiles/musl/musl-1.2.6.tar.gz	musl-1.2.6/src/math/atan2l.c	https://musl.libc.org/releases/musl-1.2.6.tar.gz	2342	c13d4d9e1329ffcbbf3ef1dd755602c771612f2dd98f38464fc9fb0f7bdf3c68	musl-embedded-notices	aa6720761fc19708294a05ad84da3bea3be99a1c6ffbdf562fa736745ef67306
musl	musl@1.2.6-r2	MIT	upstream	distfiles/musl/musl-1.2.6.tar.gz	musl-1.2.6/src/math/atanf.c	https://musl.libc.org/releases/musl-1.2.6.tar.gz	2373	e0533d7b72aabce311a758a1f94fd15e5d4067be73b716cb1f425df5bc9039d6	musl-embedded-notices	aa6720761fc19708294a05ad84da3bea3be99a1c6ffbdf562fa736745ef67306
musl	musl@1.2.6-r2	MIT	upstream	distfiles/musl/musl-1.2.6.tar.gz	musl-1.2.6/src/math/atanl.c	https://musl.libc.org/releases/musl-1.2.6.tar.gz	5463	5c6f655740e6f594db8a045e529582f20613d14ac2bca8bf3f881145bf459325	musl-embedded-notices	aa6720761fc19708294a05ad84da3bea3be99a1c6ffbdf562fa736745ef67306
musl	musl@1.2.6-r2	MIT	upstream	distfiles/musl/musl-1.2.6.tar.gz	musl-1.2.6/src/math/cbrt.c	https://musl.libc.org/releases/musl-1.2.6.tar.gz	3761	af442893d4048c0eb485b93b5628792fb796d45ffc0f88c682041366c7da611d	musl-embedded-notices	aa6720761fc19708294a05ad84da3bea3be99a1c6ffbdf562fa736745ef67306
musl	musl@1.2.6-r2	MIT	upstream	distfiles/musl/musl-1.2.6.tar.gz	musl-1.2.6/src/math/cbrtf.c	https://musl.libc.org/releases/musl-1.2.6.tar.gz	1710	87b7065f44ac0cef6d21385c2b453dde7e15a51e9008ae0d726cd9eaa2dc43da	musl-embedded-notices	aa6720761fc19708294a05ad84da3bea3be99a1c6ffbdf562fa736745ef67306
musl	musl@1.2.6-r2	MIT	upstream	distfiles/musl/musl-1.2.6.tar.gz	musl-1.2.6/src/math/cbrtl.c	https://musl.libc.org/releases/musl-1.2.6.tar.gz	3225	ee82c17b1a24681dfd7de0161088b45ecbd2d0346ddeda9d4594b48e4da0d3e5	musl-embedded-notices	aa6720761fc19708294a05ad84da3bea3be99a1c6ffbdf562fa736745ef67306
musl	musl@1.2.6-r2	MIT	upstream	distfiles/musl/musl-1.2.6.tar.gz	musl-1.2.6/src/math/cos.c	https://musl.libc.org/releases/musl-1.2.6.tar.gz	2111	3a74e054057d636fa494bdd76a53a40db5cee618264f6ab31cb0538ba63c6bda	musl-embedded-notices	aa6720761fc19708294a05ad84da3bea3be99a1c6ffbdf562fa736745ef67306
musl	musl@1.2.6-r2	MIT	upstream	distfiles/musl/musl-1.2.6.tar.gz	musl-1.2.6/src/math/cosf.c	https://musl.libc.org/releases/musl-1.2.6.tar.gz	1921	33cf828e8e733da2b72c723b9ff20057b9a4f10df72a3923dadcb626c23d222c	musl-embedded-notices	aa6720761fc19708294a05ad84da3bea3be99a1c6ffbdf562fa736745ef67306
musl	musl@1.2.6-r2	MIT	upstream	distfiles/musl/musl-1.2.6.tar.gz	musl-1.2.6/src/math/erf.c	https://musl.libc.org/releases/musl-1.2.6.tar.gz	10346	795f05c9388ac277ab27cb5dc63fb4f82620a0ee11eaf8403201df5bc65c0f5b	musl-embedded-notices	aa6720761fc19708294a05ad84da3bea3be99a1c6ffbdf562fa736745ef67306
musl	musl@1.2.6-r2	MIT	upstream	distfiles/musl/musl-1.2.6.tar.gz	musl-1.2.6/src/math/erff.c	https://musl.libc.org/releases/musl-1.2.6.tar.gz	5350	876ad823d25e58330628ccdc5d24a3f10cc255135046a4e2903daf33cb75c18f	musl-embedded-notices	aa6720761fc19708294a05ad84da3bea3be99a1c6ffbdf562fa736745ef67306
musl	musl@1.2.6-r2	MIT	upstream	distfiles/musl/musl-1.2.6.tar.gz	musl-1.2.6/src/math/erfl.c	https://musl.libc.org/releases/musl-1.2.6.tar.gz	12311	dcce5b86a37215aee265ae27c1a00526542ab13d1dd609a560de3e3e9049a3e6	musl-embedded-notices	aa6720761fc19708294a05ad84da3bea3be99a1c6ffbdf562fa736745ef67306
musl	musl@1.2.6-r2	MIT	upstream	distfiles/musl/musl-1.2.6.tar.gz	musl-1.2.6/src/math/exp.c	https://musl.libc.org/releases/musl-1.2.6.tar.gz	4485	7db56f21ca9b8915d36dd5099b707aafeb6a736eae798e19b76b074764e75f34	musl-embedded-notices	aa6720761fc19708294a05ad84da3bea3be99a1c6ffbdf562fa736745ef67306
musl	musl@1.2.6-r2	MIT	upstream	distfiles/musl/musl-1.2.6.tar.gz	musl-1.2.6/src/math/exp2.c	https://musl.libc.org/releases/musl-1.2.6.tar.gz	4096	b771de769e1b69b931d1f95baa39b429a73c9904e8b5607e1736771c6ace92b1	musl-embedded-notices	aa6720761fc19708294a05ad84da3bea3be99a1c6ffbdf562fa736745ef67306
musl	musl@1.2.6-r2	MIT	upstream	distfiles/musl/musl-1.2.6.tar.gz	musl-1.2.6/src/math/exp2f.c	https://musl.libc.org/releases/musl-1.2.6.tar.gz	1494	1753e636d3b395160a03e9dd4a4ed4fba2abcd9ee12e4cf2d919f5a6bd7e2732	musl-embedded-notices	aa6720761fc19708294a05ad84da3bea3be99a1c6ffbdf562fa736745ef67306
musl	musl@1.2.6-r2	MIT	upstream	distfiles/musl/musl-1.2.6.tar.gz	musl-1.2.6/src/math/exp2f_data.c	https://musl.libc.org/releases/musl-1.2.6.tar.gz	1323	3da38c471cc5eb8dc1c2e283c6c00a36b1d353ba5c8ca1e82d95180948e26bd5	musl-embedded-notices	aa6720761fc19708294a05ad84da3bea3be99a1c6ffbdf562fa736745ef67306
musl	musl@1.2.6-r2	MIT	upstream	distfiles/musl/musl-1.2.6.tar.gz	musl-1.2.6/src/math/exp2f_data.h	https://musl.libc.org/releases/musl-1.2.6.tar.gz	499	fb52b690bef63df2e8996f2d2b3fd77f9ea08795863e73afdc882df04460e850	musl-embedded-notices	aa6720761fc19708294a05ad84da3bea3be99a1c6ffbdf562fa736745ef67306
musl	musl@1.2.6-r2	MIT	upstream	distfiles/musl/musl-1.2.6.tar.gz	musl-1.2.6/src/math/exp2l.c	https://musl.libc.org/releases/musl-1.2.6.tar.gz	20743	0eeba2725b540b0d5dd84b732d4c496d8e8d9492cf863dbb5c83fe102771352c	musl-embedded-notices	aa6720761fc19708294a05ad84da3bea3be99a1c6ffbdf562fa736745ef67306
musl	musl@1.2.6-r2	MIT	upstream	distfiles/musl/musl-1.2.6.tar.gz	musl-1.2.6/src/math/exp_data.c	https://musl.libc.org/releases/musl-1.2.6.tar.gz	6347	c55dff64e369fe816cd8ce367064989bb119f85783599680d1a329031c660689	musl-embedded-notices	aa6720761fc19708294a05ad84da3bea3be99a1c6ffbdf562fa736745ef67306
musl	musl@1.2.6-r2	MIT	upstream	distfiles/musl/musl-1.2.6.tar.gz	musl-1.2.6/src/math/exp_data.h	https://musl.libc.org/releases/musl-1.2.6.tar.gz	540	df77fca837edd02b260dd09a2914202775909ae67a059218ae38cfab104e6d16	musl-embedded-notices	aa6720761fc19708294a05ad84da3bea3be99a1c6ffbdf562fa736745ef67306
musl	musl@1.2.6-r2	MIT	upstream	distfiles/musl/musl-1.2.6.tar.gz	musl-1.2.6/src/math/expf.c	https://musl.libc.org/releases/musl-1.2.6.tar.gz	1895	225123b9b3a47a083c06f2580c6b73d5cadae5cec545f9e928f7041ff837b4b4	musl-embedded-notices	aa6720761fc19708294a05ad84da3bea3be99a1c6ffbdf562fa736745ef67306
musl	musl@1.2.6-r2	MIT	upstream	distfiles/musl/musl-1.2.6.tar.gz	musl-1.2.6/src/math/expl.c	https://musl.libc.org/releases/musl-1.2.6.tar.gz	3583	7218f10e56cd73c76f01a6924373dd1918730a0e793cf3c64670a34346173e68	musl-embedded-notices	aa6720761fc19708294a05ad84da3bea3be99a1c6ffbdf562fa736745ef67306
musl	musl@1.2.6-r2	MIT	upstream	distfiles/musl/musl-1.2.6.tar.gz	musl-1.2.6/src/math/expm1.c	https://musl.libc.org/releases/musl-1.2.6.tar.gz	6964	c4764166cea03420f2dfc1840a6a7615934192d851b96d5d2dcc321cc1e39460	musl-embedded-notices	aa6720761fc19708294a05ad84da3bea3be99a1c6ffbdf562fa736745ef67306
musl	musl@1.2.6-r2	MIT	upstream	distfiles/musl/musl-1.2.6.tar.gz	musl-1.2.6/src/math/expm1f.c	https://musl.libc.org/releases/musl-1.2.6.tar.gz	2731	a7d4e8f8b41f04d4b977deb59e6bf96067371387062a5987fcc3b4464f54f5e9	musl-embedded-notices	aa6720761fc19708294a05ad84da3bea3be99a1c6ffbdf562fa736745ef67306
musl	musl@1.2.6-r2	MIT	upstream	distfiles/musl/musl-1.2.6.tar.gz	musl-1.2.6/src/math/expm1l.c	https://musl.libc.org/releases/musl-1.2.6.tar.gz	3665	a8362abd18ef31f00a7dd74c8b618ef658a4e9c3919c456d03d65a12fe445c2f	musl-embedded-notices	aa6720761fc19708294a05ad84da3bea3be99a1c6ffbdf562fa736745ef67306
musl	musl@1.2.6-r2	MIT	upstream	distfiles/musl/musl-1.2.6.tar.gz	musl-1.2.6/src/math/fmal.c	https://musl.libc.org/releases/musl-1.2.6.tar.gz	8236	1c7587e59b9f249bd5e8dfabb154b602978fbb490348f92af5300ee8eadce518	musl-embedded-notices	aa6720761fc19708294a05ad84da3bea3be99a1c6ffbdf562fa736745ef67306
musl	musl@1.2.6-r2	MIT	upstream	distfiles/musl/musl-1.2.6.tar.gz	musl-1.2.6/src/math/j0.c	https://musl.libc.org/releases/musl-1.2.6.tar.gz	13939	88fc190ff03d253791b9fab281caf82e5943e5d4251052c91cc29b14b39055bd	musl-embedded-notices	aa6720761fc19708294a05ad84da3bea3be99a1c6ffbdf562fa736745ef67306
musl	musl@1.2.6-r2	MIT	upstream	distfiles/musl/musl-1.2.6.tar.gz	musl-1.2.6/src/math/j0f.c	https://musl.libc.org/releases/musl-1.2.6.tar.gz	9033	d0721c1c30f12badb67820e33299a2db0d9cec0209f7993fddee2a40d8d296a4	musl-embedded-notices	aa6720761fc19708294a05ad84da3bea3be99a1c6ffbdf562fa736745ef67306
musl	musl@1.2.6-r2	MIT	upstream	distfiles/musl/musl-1.2.6.tar.gz	musl-1.2.6/src/math/j1.c	https://musl.libc.org/releases/musl-1.2.6.tar.gz	13433	73ec22fae7f2e3fccd2cc6ea777b296d0022a7c1d137035f1ef45cbf0c75ed4e	musl-embedded-notices	aa6720761fc19708294a05ad84da3bea3be99a1c6ffbdf562fa736745ef67306
musl	musl@1.2.6-r2	MIT	upstream	distfiles/musl/musl-1.2.6.tar.gz	musl-1.2.6/src/math/j1f.c	https://musl.libc.org/releases/musl-1.2.6.tar.gz	8633	1b16747ce913d4e65dec522710265bd004f923a7f33b5e88d7e4057b9c7b8d79	musl-embedded-notices	aa6720761fc19708294a05ad84da3bea3be99a1c6ffbdf562fa736745ef67306
musl	musl@1.2.6-r2	MIT	upstream	distfiles/musl/musl-1.2.6.tar.gz	musl-1.2.6/src/math/jn.c	https://musl.libc.org/releases/musl-1.2.6.tar.gz	7130	cd602fc99cea2f33d8b39462f9f0523c8bc3da646fa349de87e206eb3bb2aded	musl-embedded-notices	aa6720761fc19708294a05ad84da3bea3be99a1c6ffbdf562fa736745ef67306
musl	musl@1.2.6-r2	MIT	upstream	distfiles/musl/musl-1.2.6.tar.gz	musl-1.2.6/src/math/jnf.c	https://musl.libc.org/releases/musl-1.2.6.tar.gz	4511	cab6c734e9a718a3e7c41b22e0e69893453befa805f2ebdafca3264d81dbcf71	musl-embedded-notices	aa6720761fc19708294a05ad84da3bea3be99a1c6ffbdf562fa736745ef67306
musl	musl@1.2.6-r2	MIT	upstream	distfiles/musl/musl-1.2.6.tar.gz	musl-1.2.6/src/math/lgamma_r.c	https://musl.libc.org/releases/musl-1.2.6.tar.gz	10349	df81910c12c2ba5e82295cea6bfc6f3863e367cc6043d1bf91be1fb9597b2811	musl-embedded-notices	aa6720761fc19708294a05ad84da3bea3be99a1c6ffbdf562fa736745ef67306
musl	musl@1.2.6-r2	MIT	upstream	distfiles/musl/musl-1.2.6.tar.gz	musl-1.2.6/src/math/lgammaf_r.c	https://musl.libc.org/releases/musl-1.2.6.tar.gz	6236	5aa1db729889e0705ef94b2cb4d7ab5fa6a615d28fd74b7bdf7579a22f6e7ed4	musl-embedded-notices	aa6720761fc19708294a05ad84da3bea3be99a1c6ffbdf562fa736745ef67306
musl	musl@1.2.6-r2	MIT	upstream	distfiles/musl/musl-1.2.6.tar.gz	musl-1.2.6/src/math/lgammal.c	https://musl.libc.org/releases/musl-1.2.6.tar.gz	11937	852284cc7fb67db860bcf39a3a33c74481ef28ffa7818a16de82d7e2d534c312	musl-embedded-notices	aa6720761fc19708294a05ad84da3bea3be99a1c6ffbdf562fa736745ef67306
musl	musl@1.2.6-r2	MIT	upstream	distfiles/musl/musl-1.2.6.tar.gz	musl-1.2.6/src/math/log.c	https://musl.libc.org/releases/musl-1.2.6.tar.gz	3030	a0694d8587a0d145d0f8ae87cbffba014d7988bc2ebcbfad94cea73b394c9ecc	musl-embedded-notices	aa6720761fc19708294a05ad84da3bea3be99a1c6ffbdf562fa736745ef67306
musl	musl@1.2.6-r2	MIT	upstream	distfiles/musl/musl-1.2.6.tar.gz	musl-1.2.6/src/math/log10.c	https://musl.libc.org/releases/musl-1.2.6.tar.gz	2968	ef9b4b1f0918cf1fcb797f9fa4d4ffe177bfa27f668d74a41d613bfbcd83850a	musl-embedded-notices	aa6720761fc19708294a05ad84da3bea3be99a1c6ffbdf562fa736745ef67306
musl	musl@1.2.6-r2	MIT	upstream	distfiles/musl/musl-1.2.6.tar.gz	musl-1.2.6/src/math/log10f.c	https://musl.libc.org/releases/musl-1.2.6.tar.gz	1928	b8de5c0f14be2c622eca1cb33e80e5b131576c7c229aeffb8ea9f1d61555f6b9	musl-embedded-notices	aa6720761fc19708294a05ad84da3bea3be99a1c6ffbdf562fa736745ef67306
musl	musl@1.2.6-r2	MIT	upstream	distfiles/musl/musl-1.2.6.tar.gz	musl-1.2.6/src/math/log10l.c	https://musl.libc.org/releases/musl-1.2.6.tar.gz	4836	d23e3d61fe4111628efdef794ae7cd614e3443a81f70742e29070f99fdd078c4	musl-embedded-notices	aa6720761fc19708294a05ad84da3bea3be99a1c6ffbdf562fa736745ef67306
musl	musl@1.2.6-r2	MIT	upstream	distfiles/musl/musl-1.2.6.tar.gz	musl-1.2.6/src/math/log1p.c	https://musl.libc.org/releases/musl-1.2.6.tar.gz	3865	c76bbf714cd456a9f0de6e2c94853c27e7865581a2edfdef6d1f861739bbcb46	musl-embedded-notices	aa6720761fc19708294a05ad84da3bea3be99a1c6ffbdf562fa736745ef67306
musl	musl@1.2.6-r2	MIT	upstream	distfiles/musl/musl-1.2.6.tar.gz	musl-1.2.6/src/math/log1pf.c	https://musl.libc.org/releases/musl-1.2.6.tar.gz	1989	6c01aff9fcee1dcaca4d4581f17357e0f069643321c00288c672adc3521d0cc8	musl-embedded-notices	aa6720761fc19708294a05ad84da3bea3be99a1c6ffbdf562fa736745ef67306
musl	musl@1.2.6-r2	MIT	upstream	distfiles/musl/musl-1.2.6.tar.gz	musl-1.2.6/src/math/log1pl.c	https://musl.libc.org/releases/musl-1.2.6.tar.gz	4440	3846b55cbd55e3d3f90d7484216663030ec98c4c353e644ce3c4e3122080e4c4	musl-embedded-notices	aa6720761fc19708294a05ad84da3bea3be99a1c6ffbdf562fa736745ef67306
musl	musl@1.2.6-r2	MIT	upstream	distfiles/musl/musl-1.2.6.tar.gz	musl-1.2.6/src/math/log2.c	https://musl.libc.org/releases/musl-1.2.6.tar.gz	3446	281e4fc0f737419e245019d8bc8a8ca53032c2d88c31d08561e9e59dcb4b4640	musl-embedded-notices	aa6720761fc19708294a05ad84da3bea3be99a1c6ffbdf562fa736745ef67306
musl	musl@1.2.6-r2	MIT	upstream	distfiles/musl/musl-1.2.6.tar.gz	musl-1.2.6/src/math/log2_data.c	https://musl.libc.org/releases/musl-1.2.6.tar.gz	7964	5a62bb213f19dc1364cddb612e3d13831e382f5ae6f7fafd7064362f53478dfb	musl-embedded-notices	aa6720761fc19708294a05ad84da3bea3be99a1c6ffbdf562fa736745ef67306
musl	musl@1.2.6-r2	MIT	upstream	distfiles/musl/musl-1.2.6.tar.gz	musl-1.2.6/src/math/log2_data.h	https://musl.libc.org/releases/musl-1.2.6.tar.gz	538	b56e1a56f73a8700caa9787cd399fecf7f96038af56c2a590aeb6f0f8662ea8e	musl-embedded-notices	aa6720761fc19708294a05ad84da3bea3be99a1c6ffbdf562fa736745ef67306
musl	musl@1.2.6-r2	MIT	upstream	distfiles/musl/musl-1.2.6.tar.gz	musl-1.2.6/src/math/log2f.c	https://musl.libc.org/releases/musl-1.2.6.tar.gz	1743	f2393ef18e78e6dc540e7349dbfea000018246d64fca3eefe73f11a286403352	musl-embedded-notices	aa6720761fc19708294a05ad84da3bea3be99a1c6ffbdf562fa736745ef67306
musl	musl@1.2.6-r2	MIT	upstream	distfiles/musl/musl-1.2.6.tar.gz	musl-1.2.6/src/math/log2f_data.c	https://musl.libc.org/releases/musl-1.2.6.tar.gz	1084	9261d7fdef29db26bd75310f029823593639ecf7c1cc089a6014623d49d21abe	musl-embedded-notices	aa6720761fc19708294a05ad84da3bea3be99a1c6ffbdf562fa736745ef67306
musl	musl@1.2.6-r2	MIT	upstream	distfiles/musl/musl-1.2.6.tar.gz	musl-1.2.6/src/math/log2f_data.h	https://musl.libc.org/releases/musl-1.2.6.tar.gz	360	cb65ee48f557b19c8a6366a05f16ffba38aa46b00c4c136faf2dea8f53675a9b	musl-embedded-notices	aa6720761fc19708294a05ad84da3bea3be99a1c6ffbdf562fa736745ef67306
musl	musl@1.2.6-r2	MIT	upstream	distfiles/musl/musl-1.2.6.tar.gz	musl-1.2.6/src/math/log2l.c	https://musl.libc.org/releases/musl-1.2.6.tar.gz	4601	c3294ef6fcf96c061c4511fb3f6cd2886b2f513938deadcfb16fc19fb2a9ff03	musl-embedded-notices	aa6720761fc19708294a05ad84da3bea3be99a1c6ffbdf562fa736745ef67306
musl	musl@1.2.6-r2	MIT	upstream	distfiles/musl/musl-1.2.6.tar.gz	musl-1.2.6/src/math/log_data.c	https://musl.libc.org/releases/musl-1.2.6.tar.gz	13927	e96bcd99d88fc57e0f3686299014f4b949a6212603ce237f39e16cedc155617a	musl-embedded-notices	aa6720761fc19708294a05ad84da3bea3be99a1c6ffbdf562fa736745ef67306
musl	musl@1.2.6-r2	MIT	upstream	distfiles/musl/musl-1.2.6.tar.gz	musl-1.2.6/src/math/log_data.h	https://musl.libc.org/releases/musl-1.2.6.tar.gz	552	a8dced6f0821f30cad040ba326b03e419fbe0a750ed8f3b0d7145992bee4bccc	musl-embedded-notices	aa6720761fc19708294a05ad84da3bea3be99a1c6ffbdf562fa736745ef67306
musl	musl@1.2.6-r2	MIT	upstream	distfiles/musl/musl-1.2.6.tar.gz	musl-1.2.6/src/math/logf.c	https://musl.libc.org/releases/musl-1.2.6.tar.gz	1732	eecf8e5dd0afd5f64f938ccae07c85b0a8e82919f5d4269936a3b8493fb64e47	musl-embedded-notices	aa6720761fc19708294a05ad84da3bea3be99a1c6ffbdf562fa736745ef67306
musl	musl@1.2.6-r2	MIT	upstream	distfiles/musl/musl-1.2.6.tar.gz	musl-1.2.6/src/math/logf_data.c	https://musl.libc.org/releases/musl-1.2.6.tar.gz	1087	60b08342fcef877b393a76fc36d92c576d6340ce153459aad03aad3d4716f9b5	musl-embedded-notices	aa6720761fc19708294a05ad84da3bea3be99a1c6ffbdf562fa736745ef67306
musl	musl@1.2.6-r2	MIT	upstream	distfiles/musl/musl-1.2.6.tar.gz	musl-1.2.6/src/math/logf_data.h	https://musl.libc.org/releases/musl-1.2.6.tar.gz	406	80176d1f045f162e917ca5c2879994ab0ed9e27b479086d752e5793c91135adf	musl-embedded-notices	aa6720761fc19708294a05ad84da3bea3be99a1c6ffbdf562fa736745ef67306
musl	musl@1.2.6-r2	MIT	upstream	distfiles/musl/musl-1.2.6.tar.gz	musl-1.2.6/src/math/logl.c	https://musl.libc.org/releases/musl-1.2.6.tar.gz	4630	e1612b2bb9a010c1914beb93fa242981f69f323392bd9816415cafaaec0d94b0	musl-embedded-notices	aa6720761fc19708294a05ad84da3bea3be99a1c6ffbdf562fa736745ef67306
musl	musl@1.2.6-r2	MIT	upstream	distfiles/musl/musl-1.2.6.tar.gz	musl-1.2.6/src/math/pow.c	https://musl.libc.org/releases/musl-1.2.6.tar.gz	10817	b06f0a08d74fcff8cced7afa2c0e47e301e3e8a19c0de5becdec28cd7b014027	musl-embedded-notices	aa6720761fc19708294a05ad84da3bea3be99a1c6ffbdf562fa736745ef67306
musl	musl@1.2.6-r2	MIT	upstream	distfiles/musl/musl-1.2.6.tar.gz	musl-1.2.6/src/math/pow_data.c	https://musl.libc.org/releases/musl-1.2.6.tar.gz	10455	2052ec913f9b4a2170a98a6fcbcd7694f5dec220036b00c36106a2b4b65a4c55	musl-embedded-notices	aa6720761fc19708294a05ad84da3bea3be99a1c6ffbdf562fa736745ef67306
musl	musl@1.2.6-r2	MIT	upstream	distfiles/musl/musl-1.2.6.tar.gz	musl-1.2.6/src/math/pow_data.h	https://musl.libc.org/releases/musl-1.2.6.tar.gz	519	5014345a7958adcf6ff835b5e96afa99dd5a98c40dfe968442288e002b8e01a3	musl-embedded-notices	aa6720761fc19708294a05ad84da3bea3be99a1c6ffbdf562fa736745ef67306
musl	musl@1.2.6-r2	MIT	upstream	distfiles/musl/musl-1.2.6.tar.gz	musl-1.2.6/src/math/powf.c	https://musl.libc.org/releases/musl-1.2.6.tar.gz	5022	74069b3a380cf954361e0243b38de2094ae680e2ecfb3e50af61ab576f13babf	musl-embedded-notices	aa6720761fc19708294a05ad84da3bea3be99a1c6ffbdf562fa736745ef67306
musl	musl@1.2.6-r2	MIT	upstream	distfiles/musl/musl-1.2.6.tar.gz	musl-1.2.6/src/math/powf_data.c	https://musl.libc.org/releases/musl-1.2.6.tar.gz	1388	136f491b0f904842b926784134d0adba7a9103d2ce8a226276dd6e9260457398	musl-embedded-notices	aa6720761fc19708294a05ad84da3bea3be99a1c6ffbdf562fa736745ef67306
musl	musl@1.2.6-r2	MIT	upstream	distfiles/musl/musl-1.2.6.tar.gz	musl-1.2.6/src/math/powf_data.h	https://musl.libc.org/releases/musl-1.2.6.tar.gz	555	5d632276e5f21cdcd47f35c53cf792640ad347aabce1e1bd5774fad5371fc8d8	musl-embedded-notices	aa6720761fc19708294a05ad84da3bea3be99a1c6ffbdf562fa736745ef67306
musl	musl@1.2.6-r2	MIT	upstream	distfiles/musl/musl-1.2.6.tar.gz	musl-1.2.6/src/math/powl.c	https://musl.libc.org/releases/musl-1.2.6.tar.gz	12481	be5f736310432efadcab58189a207f79f790d35a5ad11df778711ea5570f5bba	musl-embedded-notices	aa6720761fc19708294a05ad84da3bea3be99a1c6ffbdf562fa736745ef67306
musl	musl@1.2.6-r2	MIT	upstream	distfiles/musl/musl-1.2.6.tar.gz	musl-1.2.6/src/math/scalb.c	https://musl.libc.org/releases/musl-1.2.6.tar.gz	915	7f7eda8fd9d537105136d56661d70788f912b9584bb116dea185db340c78ada5	musl-embedded-notices	aa6720761fc19708294a05ad84da3bea3be99a1c6ffbdf562fa736745ef67306
musl	musl@1.2.6-r2	MIT	upstream	distfiles/musl/musl-1.2.6.tar.gz	musl-1.2.6/src/math/scalbf.c	https://musl.libc.org/releases/musl-1.2.6.tar.gz	887	b4a0485f7a11d994960c31947f0132c45afd47f599abbae4a9f2041f7f346a3f	musl-embedded-notices	aa6720761fc19708294a05ad84da3bea3be99a1c6ffbdf562fa736745ef67306
musl	musl@1.2.6-r2	MIT	upstream	distfiles/musl/musl-1.2.6.tar.gz	musl-1.2.6/src/math/sin.c	https://musl.libc.org/releases/musl-1.2.6.tar.gz	2192	24e53a9d85f196f66919cc19247be5480bb607ef38844b1a24bc47c4fe4974ef	musl-embedded-notices	aa6720761fc19708294a05ad84da3bea3be99a1c6ffbdf562fa736745ef67306
musl	musl@1.2.6-r2	MIT	upstream	distfiles/musl/musl-1.2.6.tar.gz	musl-1.2.6/src/math/sincos.c	https://musl.libc.org/releases/musl-1.2.6.tar.gz	1345	2b88cfba380b8d5aa8f8f6b9f055aee91fe112de9f967a4484807afcb5405d9d	musl-embedded-notices	aa6720761fc19708294a05ad84da3bea3be99a1c6ffbdf562fa736745ef67306
musl	musl@1.2.6-r2	MIT	upstream	distfiles/musl/musl-1.2.6.tar.gz	musl-1.2.6/src/math/sincosf.c	https://musl.libc.org/releases/musl-1.2.6.tar.gz	2565	0196bf2ccfa370be120b917f2379bb533950ea50818d329aeee076081690c95d	musl-embedded-notices	aa6720761fc19708294a05ad84da3bea3be99a1c6ffbdf562fa736745ef67306
musl	musl@1.2.6-r2	MIT	upstream	distfiles/musl/musl-1.2.6.tar.gz	musl-1.2.6/src/math/sinf.c	https://musl.libc.org/releases/musl-1.2.6.tar.gz	1970	2583af55446f07da3225186c368a7aae5a0a0a0edab268967f4122b92e222b87	musl-embedded-notices	aa6720761fc19708294a05ad84da3bea3be99a1c6ffbdf562fa736745ef67306
musl	musl@1.2.6-r2	MIT	upstream	distfiles/musl/musl-1.2.6.tar.gz	musl-1.2.6/src/math/tan.c	https://musl.libc.org/releases/musl-1.2.6.tar.gz	1965	422d411bac962a1077ae394d14e54313012a6faa3476c20b2a66d3fb3f7a923f	musl-embedded-notices	aa6720761fc19708294a05ad84da3bea3be99a1c6ffbdf562fa736745ef67306
musl	musl@1.2.6-r2	MIT	upstream	distfiles/musl/musl-1.2.6.tar.gz	musl-1.2.6/src/math/tanf.c	https://musl.libc.org/releases/musl-1.2.6.tar.gz	1781	38b39aaf03d33341e606b67b3743ee5fa436b7e8338af155994d4b794b366003	musl-embedded-notices	aa6720761fc19708294a05ad84da3bea3be99a1c6ffbdf562fa736745ef67306
musl	musl@1.2.6-r2	MIT	upstream	distfiles/musl/musl-1.2.6.tar.gz	musl-1.2.6/src/math/tgammal.c	https://musl.libc.org/releases/musl-1.2.6.tar.gz	6608	b9f00584454232f6d4c6cf76b8198221a4cc047c92fa749e5f41476c9b54579f	musl-embedded-notices	aa6720761fc19708294a05ad84da3bea3be99a1c6ffbdf562fa736745ef67306
musl	musl@1.2.6-r2	MIT	upstream	distfiles/musl/musl-1.2.6.tar.gz	musl-1.2.6/src/regex/regcomp.c	https://musl.libc.org/releases/musl-1.2.6.tar.gz	76218	56b0a765e084a5cd3ed7113a893b50d259265ba76b6bea98889c45d7aec302a0	musl-embedded-notices	aa6720761fc19708294a05ad84da3bea3be99a1c6ffbdf562fa736745ef67306
musl	musl@1.2.6-r2	MIT	upstream	distfiles/musl/musl-1.2.6.tar.gz	musl-1.2.6/src/regex/regexec.c	https://musl.libc.org/releases/musl-1.2.6.tar.gz	29091	072e8a1092c98830b48e784fb74ce486f7c39e27207f79f1dd161e2c5d86ba77	musl-embedded-notices	aa6720761fc19708294a05ad84da3bea3be99a1c6ffbdf562fa736745ef67306
musl	musl@1.2.6-r2	MIT	upstream	distfiles/musl/musl-1.2.6.tar.gz	musl-1.2.6/src/regex/tre-mem.c	https://musl.libc.org/releases/musl-1.2.6.tar.gz	4067	4721979ce365a395fd7644335c847a8a97913e87f14348641f7f199b57b93e28	musl-embedded-notices	aa6720761fc19708294a05ad84da3bea3be99a1c6ffbdf562fa736745ef67306
musl	musl@1.2.6-r2	MIT	upstream	distfiles/musl/musl-1.2.6.tar.gz	musl-1.2.6/src/regex/tre.h	https://musl.libc.org/releases/musl-1.2.6.tar.gz	6990	e734e68decc33b5ee983db12cabcbdd2589c2d16088677228087b0e5dc365cf3	musl-embedded-notices	aa6720761fc19708294a05ad84da3bea3be99a1c6ffbdf562fa736745ef67306
musl	musl@1.2.6-r2	MIT	upstream	distfiles/musl/musl-1.2.6.tar.gz	musl-1.2.6/src/stdlib/qsort.c	https://musl.libc.org/releases/musl-1.2.6.tar.gz	5127	dc9a8fd43bd2c98c437c05c214a8715df22ed746a2912969eb154fa9090213f4	musl-embedded-notices	aa6720761fc19708294a05ad84da3bea3be99a1c6ffbdf562fa736745ef67306
musl	musl@1.2.6-r2	MIT	upstream	distfiles/musl/musl-1.2.6.tar.gz	musl-1.2.6/src/string/aarch64/memcpy.S	https://musl.libc.org/releases/musl-1.2.6.tar.gz	4437	1ead3716276e8a58e2e015e89fd565d9f33c10b2bc482c303b68b90c9d0f7cef	musl-embedded-notices	aa6720761fc19708294a05ad84da3bea3be99a1c6ffbdf562fa736745ef67306
musl	musl@1.2.6-r2	MIT	upstream	distfiles/musl/musl-1.2.6.tar.gz	musl-1.2.6/src/string/aarch64/memset.S	https://musl.libc.org/releases/musl-1.2.6.tar.gz	2386	4eacce5e57f178a284fd5a48925f4398d593df6cb2b6f727bb495a78fd3cbabf	musl-embedded-notices	aa6720761fc19708294a05ad84da3bea3be99a1c6ffbdf562fa736745ef67306
openssl	libcrypto3@3.5.7-r0,libssl3@3.5.7-r0	Apache-2.0	aports	aports/openssl.tar.gz	aports-4a4352d83ab03720965454a8c7b30b1b6a996c84-4a4352d83ab03720965454a8c7b30b1b6a996c84-main-openssl/main/openssl/APKBUILD	https://gitlab.alpinelinux.org/api/v4/projects/alpine%2Faports/repository/archive.tar.gz?sha=4a4352d83ab03720965454a8c7b30b1b6a996c84&path=main%2Fopenssl	7053	63b8a9adf00a6076c830b79e4c1f56d9ac57f29a4b068e0d5bf7c62073758ea2	openssl	49934cec113e34f9056271fd033de0c1ea1e9374a5911819a0056016e92a9dca
openssl	libcrypto3@3.5.7-r0,libssl3@3.5.7-r0	Apache-2.0	upstream	distfiles/openssl/openssl-3.5.7.tar.gz	openssl-3.5.7/AUTHORS.md	https://github.com/openssl/openssl/releases/download/openssl-3.5.7/openssl-3.5.7.tar.gz	1022	b9f638dfc06b59c2d3b808186c3b30f713805a5db390f5b77b1703ac58acb83e	openssl	49934cec113e34f9056271fd033de0c1ea1e9374a5911819a0056016e92a9dca
openssl	libcrypto3@3.5.7-r0,libssl3@3.5.7-r0	Apache-2.0	upstream	distfiles/openssl/openssl-3.5.7.tar.gz	openssl-3.5.7/LICENSE.txt	https://github.com/openssl/openssl/releases/download/openssl-3.5.7/openssl-3.5.7.tar.gz	10175	7d5450cb2d142651b8afa315b5f238efc805dad827d91ba367d8516bc9d49e7a	openssl	49934cec113e34f9056271fd033de0c1ea1e9374a5911819a0056016e92a9dca
openssl	libcrypto3@3.5.7-r0,libssl3@3.5.7-r0	Apache-2.0	upstream	distfiles/openssl/openssl-3.5.7.tar.gz	openssl-3.5.7/README.md	https://github.com/openssl/openssl/releases/download/openssl-3.5.7/openssl-3.5.7.tar.gz	8137	f68c351048c11bd8499b9d6ef8b283386d4544cc556fd2679a2ff2b1c50a378b	openssl	49934cec113e34f9056271fd033de0c1ea1e9374a5911819a0056016e92a9dca
pax-utils	scanelf@1.3.9-r1	GPL-2.0-only	aports	aports/pax-utils.tar.gz	aports-c61801eeacb3ffcd9c2025b09e402153bb93fb39-c61801eeacb3ffcd9c2025b09e402153bb93fb39-main-pax-utils/main/pax-utils/APKBUILD	https://gitlab.alpinelinux.org/api/v4/projects/alpine%2Faports/repository/archive.tar.gz?sha=c61801eeacb3ffcd9c2025b09e402153bb93fb39&path=main%2Fpax-utils	1568	f33df75f467601dcd73038b4e15029de60338a5f3f7d9a37574475a723b07c20	pax-utils	94a98e8ff7035777c398f8b1a86a10728a87425e026bacc72163e5a1c6ea5830
pax-utils	scanelf@1.3.9-r1	GPL-2.0-only	authority	license-inputs/LGPL-2.1.txt	-	https://www.gnu.org/licenses/old-licenses/lgpl-2.1.txt	26521	592987e8510228d546540b84a22444bde98e48d03078d3b2eefcd889bec5ce8c	lgpl-2.1	0e0c13878a838747247f3b535258818ec8a38c16079c1464f3719b0ddf67e49e
pax-utils	scanelf@1.3.9-r1	GPL-2.0-only	upstream	distfiles/pax-utils/pax-utils-1.3.9.tar.xz	pax-utils-1.3.9/COPYING	https://dev.gentoo.org/~sam/distfiles/app-misc/pax-utils/pax-utils-1.3.9.tar.xz	18011	e6d6a009505e345fe949e1310334fcb0747f28dae2856759de102ab66b722cb4	gpl-2.0	33bd7da2e1769debe0f67ff385ac314994515ab3d62985ba20800479c7f029b6
pax-utils	scanelf@1.3.9-r1	GPL-2.0-only	upstream	distfiles/pax-utils/pax-utils-1.3.9.tar.xz	pax-utils-1.3.9/elf.h	https://dev.gentoo.org/~sam/distfiles/app-misc/pax-utils/pax-utils-1.3.9.tar.xz	194558	dce98d789b947183f58248a7f0ac0459198b948c5ad655f6423e7e7f87984c8d	pax-utils	94a98e8ff7035777c398f8b1a86a10728a87425e026bacc72163e5a1c6ea5830
pax-utils	scanelf@1.3.9-r1	GPL-2.0-only	upstream	distfiles/pax-utils/pax-utils-1.3.9.tar.xz	pax-utils-1.3.9/scanelf.c	https://dev.gentoo.org/~sam/distfiles/app-misc/pax-utils/pax-utils-1.3.9.tar.xz	69337	11290bef26ff8f40e6151f8928a63a84d26031a9a119414b513b309bed8ef971	pax-utils	94a98e8ff7035777c398f8b1a86a10728a87425e026bacc72163e5a1c6ea5830
skalibs	busybox@1.37.0-r31	ISC	aports	aports/skalibs.tar.gz	aports-c3ef5d10e6ef6528852c51f0564963e2f8c1be19-c3ef5d10e6ef6528852c51f0564963e2f8c1be19-main-skalibs/main/skalibs/APKBUILD	https://gitlab.alpinelinux.org/api/v4/projects/alpine%2Faports/repository/archive.tar.gz?sha=c3ef5d10e6ef6528852c51f0564963e2f8c1be19&path=main%2Fskalibs	1173	cef9dbfaa88a043ddca6768e7bdda583b7f0858a6414e5c68e86c1da04f28722	skalibs	69dc1dccd5183a2a9cf5fee40b64d8566721fd1670fe1c4cd3b8cbeb84ea7081
skalibs	busybox@1.37.0-r31	ISC	upstream	distfiles/skalibs/skalibs-2.14.5.0.tar.gz	skalibs-2.14.5.0/COPYING	https://distfiles.alpinelinux.org/distfiles/edge/skalibs-2.14.5.0.tar.gz	760	cadf2c7d05a2c425250211c01db2ff33fa2bc31e293c8c040227b046ce1cb77f	skalibs	69dc1dccd5183a2a9cf5fee40b64d8566721fd1670fe1c4cd3b8cbeb84ea7081
utmps	busybox@1.37.0-r31	ISC	aports	aports/utmps.tar.gz	aports-c3ef5d10e6ef6528852c51f0564963e2f8c1be19-c3ef5d10e6ef6528852c51f0564963e2f8c1be19-main-utmps/main/utmps/APKBUILD	https://gitlab.alpinelinux.org/api/v4/projects/alpine%2Faports/repository/archive.tar.gz?sha=c3ef5d10e6ef6528852c51f0564963e2f8c1be19&path=main%2Futmps	3132	c501271c9eadcef1ba8adc10602c0570caf00c0878c97d9f369f428590e7dd30	utmps	7b12076621f5358bd20d3dd09b127b0df0b8583da6fb31b638c7c9aa9d9bb5e6
utmps	busybox@1.37.0-r31	ISC	upstream	distfiles/utmps/utmps-0.1.3.2.tar.gz	utmps-0.1.3.2/COPYING	https://distfiles.alpinelinux.org/distfiles/v3.24/utmps-0.1.3.2.tar.gz	760	0f415da77eb45ab52dad82f23c1f46e827bacb0b68d6f42c919ae8f3d254fb97	utmps	7b12076621f5358bd20d3dd09b127b0df0b8583da6fb31b638c7c9aa9d9bb5e6
zlib	zlib@1.3.2-r0	Zlib	aports	aports/zlib.tar.gz	aports-f248b33b5943c7dc69bf691031d7612ab2e8ed93-f248b33b5943c7dc69bf691031d7612ab2e8ed93-main-zlib/main/zlib/APKBUILD	https://gitlab.alpinelinux.org/api/v4/projects/alpine%2Faports/repository/archive.tar.gz?sha=f248b33b5943c7dc69bf691031d7612ab2e8ed93&path=main%2Fzlib	924	7b8d064be19f39b5e921e9e2dddb960964c6e159ca035848cc362375f0da9b9f	zlib	075eef580e8cfdc83bfcf567c016b25ce56fc06c83d77f3f21502fc55b1eba60
zlib	zlib@1.3.2-r0	Zlib	upstream	distfiles/zlib/zlib-1.3.2.tar.gz	zlib-1.3.2/LICENSE	https://zlib.net/fossils/zlib-1.3.2.tar.gz	1002	e32ff4e00d9d94930537635291da39e7e612703334bf6fde8c7f1686fe8a45a2	zlib	075eef580e8cfdc83bfcf567c016b25ce56fc06c83d77f3f21502fc55b1eba60
